<?xml version="1.0" encoding="UTF-8" ?>
<!DOCTYPE configuration PUBLIC "-//mybatis.org//DTD Config 3.0//EN"
"http://mybatis.org/dtd/mybatis-3-config.dtd">
<configuration>
	
	<settings>
		<setting name="safeResultHandlerEnabled" value="false"/>
	</settings>

	<plugins>
 		<!-- PageHelper4.1.1 --> 
	    <plugin interceptor="com.github.pagehelper.PageHelper">
	        <property name="dialect" value="oracle"/>
	        <property name="offsetAsPageNum" value="false"/>
	        <property name="rowBoundsWithCount" value="false"/>
	        <property name="pageSizeZero" value="true"/>
	        <property name="reasonable" value="false"/>
	        <property name="supportMethodsArguments" value="false"/>
	        <property name="returnPageInfo" value="none"/>
	    </plugin>
	</plugins>
	

	<environments default="development">
		<environment id="development">
			<transactionManager type="JDBC" />
			<dataSource type="POOLED">
				<property name="driver" value="oracle.jdbc.driver.OracleDriver" />
<!-- 				<property name="url" value="jdbc:oracle:thin:@(DESCRIPTION=  (FAILOVER=on) (LOAD_BALANCE=off)(ADDRESS=(PROTOCOL=TCP)	(HOST=10.6.157.58) (PORT=1521))(ADDRESS=(PROTOCOL=TCP)	(HOST=10.6.157.60) (PORT=1521))(CONNECT_DATA=(SERVICE_NAME=presssvc)))" /> -->
<!-- 				<property name="username" value="faredis"/> -->
<!-- 				<property name="password" value="far0kf"/> -->

<!-- 				<property name="url" value="jdbc:oracle:thin:@//192.168.31.231:1521/pdborcl" /> -->
				<property name="url" value="jdbc:oracle:thin:@//172.30.10.41:1525/farerd2" />
				<property name="username" value="nfsadmin" />
				<property name="password" value="nfsadminabc" />

<!-- 				<property name="url" value="jdbc:oracle:thin:@//172.30.10.41:1522/farerd" /> -->
<!-- 				<property name="password" value="nfsadmin" /> -->
			</dataSource>
		</environment>
	</environments>
	<mappers>
		<mapper resource="com/travelsky/fare/caexport/db/dao/basedao/BaseDaoMapper.xml"/>
		<mapper resource="com/travelsky/fare/caexport/db/model/po/POMapper.xml"/>
		<mapper resource="com/travelsky/fare/caexport/db/model/po/AirportMapper.xml" />
		
		<!-- Airtis -->
		<mapper resource="com/travelsky/fare/caexport/db/dao/airtis/PSFareMapper.xml"/>
		<mapper resource="com/travelsky/fare/caexport/db/dao/airtis/PNFareMapper.xml"/>
		<!-- Easy -->
		<mapper resource="com/travelsky/fare/caexport/db/dao/easyfare/AgreementMapper.xml"/>
		<mapper resource="com/travelsky/fare/caexport/db/dao/easyfare/FareMapper.xml"/>
		<mapper resource="com/travelsky/fare/caexport/db/dao/easyfare/FareRouteMapper.xml"/>
		<mapper resource="com/travelsky/fare/caexport/db/dao/easyfare/FareRuleMapper.xml"/>
		
		<!-- Public- Refund -->
		<mapper resource="com/travelsky/fare/caexport/db/dao/common/RefundMapper.xml"/>
		<!-- Reissue -->
		<mapper resource="com/travelsky/fare/caexport/db/dao/common/ReissueMapper.xml"/>
		<!-- Rule -->
		<mapper resource="com/travelsky/fare/caexport/db/dao/common/RuleMapper.xml"/>
		<!-- Group -->
		<mapper resource="com/travelsky/fare/caexport/db/dao/common/GroupMapper.xml"/>
		<!-- FareByRule -->
		<mapper resource="com/travelsky/fare/caexport/db/dao/common/FBRMapper.xml"/>

	</mappers>
</configuration>