<?xml version="1.0" encoding="UTF-8"?>
<!DOCTYPE mapper PUBLIC "-//ibatis.apache.org//DTD Mapper 3.0//EN" "http://ibatis.apache.org/dtd/ibatis-3-mapper.dtd">
<mapper namespace="AgreementMapper">

	<resultMap id="AgreementMap" type="com.travelsky.fare.caexport.db.model.easyfare_fare.Agreement">
		<result property="locationCode" column="LOCATION_CODE"  jdbcType="CHAR"/>
		<result property="refNo" column="REF_NO"  jdbcType="CHAR"/>
		<result property="rptFileNo" column="RPT_FILE_NO"  jdbcType="VARCHAR"/>
		<result property="extensionId" column="EXTENSION_ID"  jdbcType="CHAR"/>
		<result property="desc" column="AGREEMENT_DESC"  jdbcType="VARCHAR"/>
		<result property="fromto.effectiveDate" column="EFFECTIVE_DATE"  jdbcType="DATE"/>
		<result property="fromto.discontinueDate" column="DISCONTINUE_DATE"  jdbcType="DATE"/>
		<result property="fareRecLastnum" column="FARE_REC_LASTNUM"  jdbcType="INTEGER"/>
		<result property="currencyCode" column="CURRENCY_CODE"  jdbcType="CHAR"/>
		<result property="currencyCode2" column="CURRENCY_CODE2"  jdbcType="CHAR"/>
		<result property="algorithmName" column="ALGORITHM_NAME"  jdbcType="CHAR"/>
		<result property="prefix" column="PREFIX"  jdbcType="CHAR"/>
		<result property="suffix" column="SUFFIX"  jdbcType="CHAR"/>
		<result property="remarks" column="REMARKS"  jdbcType="VARCHAR"/>
		<result property="app.approvingOffice" column="APPROVING_OFFICE"  jdbcType="INTEGER"/>
		<result property="app.approvalType" column="APPROVAL_TYPE"  jdbcType="INTEGER"/>
		<result property="fareCategory" column="FARE_CATEGORY"  jdbcType="INTEGER"/>
		<result property="distributionStatus" column="DISTRIBUTION_STATUS"  jdbcType="INTEGER"/>
		<result property="sendForApproval" column="SEND_FOR_APPROVAL"  jdbcType="INTEGER"/>
		<result property="approved" column="APPROVED"  jdbcType="INTEGER"/>
		
		<result property="create.whenCreate" column="WHEN_CREATE"  jdbcType="DATE"/>
		<result property="create.whoCreate" column="WHO_CREATE"  jdbcType="VARCHAR"/>
		<result property="create.whereCreate" column="WHERE_CREATE"  jdbcType="VARCHAR"/>
		<result property="update.whoLastUpdate" column="WHO_LAST_UPDATE"  jdbcType="CHAR"/>
		<result property="update.whereLastUpdate" column="WHERE_LAST_UPDATE"  jdbcType="CHAR"/>
		<result property="update.whenLastUpdate" column="WHEN_LAST_UPDATE"  jdbcType="DATE"/>
		<result property="update.whoLastUpdateAuth" column="WHO_LAST_UPDATE_AUTH"  jdbcType="CHAR"/>
		<result property="update.whereLastUpdateAuth" column="WHERE_LAST_UPDATE_AUTH"  jdbcType="CHAR"/>
		<result property="update.whenLastUpdateAuth" column="WHEN_LAST_UPDATE_AUTH"  jdbcType="DATE"/>
		<result property="update.whoLastUpdateDis" column="WHO_LAST_UPDATE_DIS"  jdbcType="CHAR"/>
		<result property="update.whereLastUpdateDis" column="WHERE_LAST_UPDATE_DIS"  jdbcType="CHAR"/>
		<result property="update.whenLastUpdateDis" column="WHEN_LAST_UPDATE_DIS"  jdbcType="DATE"/>
		<collection property="groupIds" column="RECPT_ID" ofType="java.lang.String" />
<!-- 		<collection property="fares" column="{carrCode=CARR_CODE,locationCode=LOCATION_CODE,refNo=REF_NO}" select="FareMapper.selectFares" /> -->
<!-- 		<collection property="distributes" column="{carrCode=CARR_CODE,locationCode=LOCATION_CODE,refNo=REF_NO}" select="FareDistributionMapper.FareDistributionMap" /> -->
	</resultMap>
	
	<select id="selectAgreementByRefPK" parameterType="map" resultMap="AgreementMap">
		SELECT * FROM NFS_${carrCode}.AGREEMENT T
		WHERE TRIM(T.LOCATION_CODE)=#{locationCode} AND TRIM(T.REF_NO)=#{refNo}
	</select>

	<sql id="sqlSelectAgreement">
	SELECT '${carrCode}' as CARR_CODE
		,T.LOCATION_CODE,T.REF_NO,T.SEND_FOR_APPROVAL,T.APPROVED,T.AGREEMENT_DESC,T.EFFECTIVE_DATE,T.DISCONTINUE_DATE
		,T.FARE_REC_LASTNUM,T.WHO_LAST_UPDATE,T.WHERE_LAST_UPDATE,T.WHEN_LAST_UPDATE,T.WHO_LAST_UPDATE_AUTH
		,T.WHERE_LAST_UPDATE_AUTH,T.WHEN_LAST_UPDATE_AUTH,T.WHO_LAST_UPDATE_DIS,T.WHERE_LAST_UPDATE_DIS
		,T.WHEN_LAST_UPDATE_DIS,T.CURRENCY_CODE,T.CURRENCY_CODE2,T.ALGORITHM_NAME,T.PREFIX,T.SUFFIX,T.REMARKS
		,T.APPROVING_OFFICE,T.APPROVAL_TYPE,T.EXTENSION_ID,T.FARE_CATEGORY,T.DISTRIBUTION_STATUS,T.RPT_FILE_NO
		,T.WHEN_CREATE,T.WHO_CREATE,T.WHERE_CREATE
	FROM NFS_${carrCode}.AGREEMENT T
	</sql>

	<select id="selectAll" parameterType="map" resultMap="AgreementMap">
	<include refid="sqlSelectAgreement"/>
	<![CDATA[  ]]>
	</select>

	<select id="selectInc" parameterType="map" resultMap="AgreementMap">
	<include refid="sqlSelectAgreement"/>
	<![CDATA[
		WHERE T.WHEN_LAST_UPDATE BETWEEN #{start} AND #{end}
	]]>
	</select>

</mapper>