<?xml version="1.0" encoding="UTF-8"?>
<!DOCTYPE mapper PUBLIC "-//ibatis.apache.org//DTD Mapper 3.0//EN" "http://ibatis.apache.org/dtd/ibatis-3-mapper.dtd">
<mapper namespace="FareMapper">

	<resultMap id="FareMap" type="com.travelsky.fare.caexport.db.model.easyfare_fare.Fare">
		<result property="carrier" column="CARR_CODE" jdbcType="VARCHAR"/>
		<result property="locationCode" column="LOCATION_CODE" jdbcType="VARCHAR"/>
		<result property="locationCode" column="LOCATION_CODE" jdbcType="VARCHAR"/>
		<result property="refNo" column="REF_NO" jdbcType="VARCHAR"/>
		<result property="recNo" column="FARE_REC_NO" jdbcType="INTEGER"/>
		<result property="category" column="FARE_CATEGORY" jdbcType="INTEGER"/>
		<result property="ori.oriCodeType" column="ORI_CODE_TYPE" jdbcType="INTEGER"/>
		<result property="ori.oriCode" column="ORI_CODE" jdbcType="VARCHAR"/>
		<result property="ori.oriCityCode" column="ORI_CITY_CODE" jdbcType="VARCHAR"/>
		<result property="dest.destCodeType" column="DEST_CODE_TYPE" jdbcType="INTEGER"/>
		<result property="dest.destCode" column="DEST_CODE" jdbcType="VARCHAR"/>
		<result property="dest.destCityCode" column="DEST_CITY_CODE" jdbcType="VARCHAR"/>
		<result property="journeyType" column="JOURNEY_TYPE" jdbcType="VARCHAR"/>
		<result property="basis" column="FARE_BASIS" jdbcType="VARCHAR"/>
		<result property="bookingClass" column="BOOKING_CLASS" jdbcType="VARCHAR"/>
		<result property="globalDirection" column="GLOBAL_DIRECTION" jdbcType="VARCHAR"/>
		<result property="amount" column="AMOUNT" jdbcType="INTEGER"/>
		<result property="valueCode" column="VALUE_CODE" jdbcType="VARCHAR"/>
		<result property="fromto.effectiveDate" column="EFFECTIVE_DATE" jdbcType="DATE"/>
		<result property="fromto.discontinueDate" column="DISCONTINUE_DATE" jdbcType="DATE"/>
		<result property="travel.firstTravelDate" column="FIRST_TRAVEL_DATE" jdbcType="DATE"/>
		<result property="travel.lastTravelDate" column="LAST_TRAVEL_DATE" jdbcType="DATE"/>
		<result property="ticket.firstTicketedDate" column="FIRST_TICKETED_DATE" jdbcType="DATE"/>
		<result property="ticket.lastTicketedDate" column="LAST_TICKETED_DATE" jdbcType="DATE"/>
		<result property="ruleId" column="RULE_ID" jdbcType="VARCHAR"/>
		<result property="infant.infantDiscountAmount" column="INFANT_DISCOUNT_AMOUNT" jdbcType="INTEGER"/>
		<result property="infant.infantDiscountPercent" column="INFANT_DISCOUNT_PERCENT" jdbcType="INTEGER"/>
		<result property="infant.infantAbsoluteAmtEntered" column="INFANT_ABSOLUTE_AMT_ENTERED" jdbcType="INTEGER"/>
		<result property="child.childDiscountAmount" column="CHILD_DISCOUNT_AMOUNT" jdbcType="INTEGER"/>
		<result property="child.childDiscountPercent" column="CHILD_DISCOUNT_PERCENT" jdbcType="INTEGER"/>
		<result property="child.childAbsoluteAmtEntered" column="CHILD_ABSOLUTE_AMT_ENTERED" jdbcType="INTEGER"/>
		<result property="free.freeStopoverOutbound" column="FREE_STOPOVER_OUTBOUND" jdbcType="INTEGER"/>
		<result property="free.freeStopoverInbound" column="FREE_STOPOVER_INBOUND" jdbcType="INTEGER"/>
		<result property="free.freeStopoverTotal" column="FREE_STOPOVER_TOTAL" jdbcType="INTEGER"/>
		<result property="charge.chargeableStopoverOutbound" column="CHARGEABLE_STOPOVER_OUTBOUND" jdbcType="INTEGER"/>
		<result property="charge.chargeableStopoverInbound" column="CHARGEABLE_STOPOVER_INBOUND" jdbcType="INTEGER"/>
		<result property="charge.chargeableStopoverTotal" column="CHARGEABLE_STOPOVER_TOTAL" jdbcType="INTEGER"/>
		<result property="routeLastnum" column="ROUTE_LASTNUM" jdbcType="INTEGER"/>
		<result property="stopoverLastnum" column="STOPOVER_LASTNUM" jdbcType="INTEGER"/>
		<result property="type" column="FARE_TYPE" jdbcType="VARCHAR"/>
		<result property="stopoverFlag" column="STOPOVER_FLAG" jdbcType="VARCHAR"/>
		<result property="bookingClass2" column="BOOKING_CLASS_2" jdbcType="VARCHAR"/>
		<result property="infant.infantValueCode" column="INFANT_VALUE_CODE" jdbcType="VARCHAR"/>
		<result property="infant.infantTourCode" column="INFANT_TOUR_CODE" jdbcType="VARCHAR"/>
		<result property="infant.infantRsfAmt" column="INFANT_RSF_AMT" jdbcType="INTEGER"/>
		<result property="infant.infantPublishedFbc" column="INFANT_PUBLISHED_FBC" jdbcType="VARCHAR"/>
		<result property="infant.infantValueCode2" column="INFANT_VALUE_CODE2" jdbcType="VARCHAR"/>
		<result property="infant.infantBaggageAllowance" column="INFANT_BAGGAGE_ALLOWANCE" jdbcType="INTEGER"/>
		<result property="child.childValueCode" column="CHILD_VALUE_CODE" jdbcType="VARCHAR"/>
		<result property="child.childTourCode" column="CHILD_TOUR_CODE" jdbcType="VARCHAR"/>
		<result property="child.childRsfAmt" column="CHILD_RSF_AMT" jdbcType="INTEGER"/>
		<result property="child.childPublishedFbc" column="CHILD_PUBLISHED_FBC" jdbcType="VARCHAR"/>
		<result property="child.childValueCode2" column="CHILD_VALUE_CODE2" jdbcType="VARCHAR"/>
		<result property="child.childBaggageAllowance" column="CHILD_BAGGAGE_ALLOWANCE" jdbcType="INTEGER"/>
		<result property="classOfService" column="CLASS_OF_SERVICE" jdbcType="INTEGER"/>
		<result property="tourCode" column="TOUR_CODE" jdbcType="VARCHAR"/>
		<result property="endorsementRestriction" column="ENDORSEMENT_RESTRICTION" jdbcType="VARCHAR"/>
		<result property="calculation" column="FARE_CALCULATION" jdbcType="VARCHAR"/>
		<result property="publishedFareBasisCode" column="PUBLISHED_FARE_BASIS_CODE" jdbcType="VARCHAR"/>
		<result property="isCombinedFare" column="IS_COMBINED_FARE" jdbcType="INTEGER"/>
		<result property="bound.outboundPermitted" column="OUTBOUND_PERMITTED" jdbcType="INTEGER"/>
		<result property="bound.inboundPermitted" column="INBOUND_PERMITTED" jdbcType="INTEGER"/>
		<result property="thruFare" column="THRU_FARE" jdbcType="INTEGER"/>
		<result property="adult.adultRsfAmt" column="ADULT_RSF_AMT" jdbcType="INTEGER"/>
		<result property="discountCode" column="DISCOUNT_CODE" jdbcType="VARCHAR"/>
		<result property="travel.travelCompleteDate" column="TRAVEL_COMPLETE_DATE" jdbcType="DATE"/>
		<result property="subFareRecNo" column="SUB_FARE_REC_NO" jdbcType="INTEGER"/>
		<result property="modifiedFlag" column="MODIFIED_FLAG" jdbcType="INTEGER"/>
		<result property="valueCode2" column="VALUE_CODE2" jdbcType="VARCHAR"/>
		<result property="baggageAllowance" column="BAGGAGE_ALLOWANCE" jdbcType="INTEGER"/>
		<result property="unit" column="UNIT" jdbcType="INTEGER"/>
		<result property="comm.baseCommissionAmt" column="BASE_COMMISSION_AMT" jdbcType="INTEGER"/>
		<result property="comm.baseCommissionPct" column="BASE_COMMISSION_PCT" jdbcType="INTEGER"/>
		<result property="comm.addtCommissionAmt" column="ADDT_COMMISSION_AMT" jdbcType="INTEGER"/>
		<result property="comm.addtCommissionPct" column="ADDT_COMMISSION_PCT" jdbcType="INTEGER"/>
		<result property="ticket.ticketType" column="TICKET_TYPE" jdbcType="INTEGER"/>
		<result property="etermEndorsementRestriction" column="ETERM_ENDORSEMENT_RESTRICTION" jdbcType="VARCHAR"/>
		<result property="discPer" column="DISC_PER" jdbcType="INTEGER"/>
		<association property="farerule" javaType="com.travelsky.fare.caexport.db.model.easyfare_fare.FareRule">
			<result property="mm.minimumStay" column="MINIMUM_STAY"  jdbcType="INTEGER"/>
			<result property="mm.minimumStayUnit" column="MINIMUM_STAY_UNIT"  jdbcType="CHAR"/>
			<result property="mm.maximumStay" column="MAXIMUM_STAY"  jdbcType="INTEGER"/>
			<result property="mm.maximumStayUnit" column="MAXIMUM_STAY_UNIT"  jdbcType="CHAR"/>
		</association>
		<collection property="fareRoutes" ofType="com.travelsky.fare.caexport.db.model.easyfare_fare.FareRoute">
			<result property="routeNo" column="ROUTE_NO"  jdbcType="INTEGER"/>
			<result property="entryLastnum" column="ENTRY_LASTNUM"  jdbcType="INTEGER"/>
			<collection property="routeEntries" ofType="com.travelsky.fare.caexport.db.model.easyfare_fare.FareRouteEntry">
				<result property="routeNo" column="ROUTE_NO"  jdbcType="INTEGER"/>
				<result property="entryNo" column="ENTRY_NO"  jdbcType="INTEGER"/>
				<result property="fromCode" column="FROM_CODE"  jdbcType="CHAR"/>
				<result property="fromCodeType" column="FROM_CODE_TYPE"  jdbcType="INTEGER"/>
				<result property="toCode" column="TO_CODE"  jdbcType="CHAR"/>
				<result property="toCodeType" column="TO_CODE_TYPE"  jdbcType="INTEGER"/>
				<result property="stopoverOrTransfer" column="STOPOVER_OR_TRANSFER"  jdbcType="CHAR"/>
				<result property="openJawForBtwn" column="OPEN_JAW_FOR_BTWN"  jdbcType="INTEGER"/>
				<result property="qChargeAmt" column="Q_CHARGE_AMT"  jdbcType="INTEGER"/>
				<result property="minStay" column="MIN_STAY"  jdbcType="INTEGER"/>
				<result property="maxStay" column="MAX_STAY"  jdbcType="INTEGER"/>
				<collection property="flightNoes" ofType="com.travelsky.fare.caexport.db.model.easyfare_fare.FareRouteFlightNo" >
					<result property="routeNo" column="ROUTE_NO"  jdbcType="INTEGER"/>
					<result property="entryNo" column="ENTRY_NO"  jdbcType="INTEGER"/>
					<result property="flightEntryNo" column="FLIGHT_ENTRY_NO"  jdbcType="INTEGER"/>
					<result property="carrierCode" column="CARRIER_CODE"  jdbcType="CHAR"/>
					<result property="apFromNo" column="AP_FROM_NO"  jdbcType="INTEGER"/>
					<result property="apToNo" column="AP_TO_NO"  jdbcType="INTEGER"/>
					<result property="exFromNo" column="EX_FROM_NO"  jdbcType="INTEGER"/>
					<result property="exToNo" column="EX_TO_NO"  jdbcType="INTEGER"/>
					<result property="bookingClass" column="BOOKING_CLASS"  jdbcType="CHAR"/>
					<result property="bookingClass2" column="BOOKING_CLASS2"  jdbcType="CHAR"/>
					<result property="fareBasisCode" column="FARE_BASIS_CODE"  jdbcType="CHAR"/>
					<result property="fareBasisCode2" column="FARE_BASIS_CODE2"  jdbcType="CHAR"/>
				</collection>
			</collection>
		</collection>
	</resultMap>
	
	<sql id="sqlSelectFare">
	SELECT '${carrCode}' AS CARR_CODE,TRIM(T.LOCATION_CODE) AS LOCATION_CODE,TRIM(T.REF_NO) AS REF_NO
 		,TRIM(T.RULE_ID) AS RULE_ID,T.DISCONTINUE_DATE
 		,TRIM(T.ORI_CODE) AS ORI_CODE,TRIM(T.ORI_CITY_CODE) AS ORI_CITY_CODE,T.ORI_CODE_TYPE
 		,TRIM(T.DEST_CODE) AS DEST_CODE,TRIM(T.DEST_CITY_CODE) AS DEST_CITY_CODE,T.DEST_CODE_TYPE
 		,T.CHILD_DISCOUNT_AMOUNT,T.ETERM_ENDORSEMENT_RESTRICTION,T.ADDT_COMMISSION_PCT,T.SUB_FARE_REC_NO
 		,T.BASE_COMMISSION_PCT,T.BASE_COMMISSION_AMT,T.BOOKING_CLASS_2
 		,T.LAST_TRAVEL_DATE,T.INFANT_TOUR_CODE,T.ROUTE_LASTNUM,T.INBOUND_PERMITTED,T.VALUE_CODE2
 		,T.BAGGAGE_ALLOWANCE,T.FARE_CATEGORY,T.GLOBAL_DIRECTION,T.INFANT_VALUE_CODE,T.EFFECTIVE_DATE
 		,T.FREE_STOPOVER_INBOUND,T.CHARGEABLE_STOPOVER_OUTBOUND,T.INFANT_VALUE_CODE2,T.CHILD_RSF_AMT
 		,T.CHILD_ABSOLUTE_AMT_ENTERED,T.PUBLISHED_FARE_BASIS_CODE,T.INFANT_DISCOUNT_AMOUNT
 		,T.CHARGEABLE_STOPOVER_TOTAL,T.DISC_PER,T.AMOUNT,T.FREE_STOPOVER_OUTBOUND,T.OUTBOUND_PERMITTED
 		,T.JOURNEY_TYPE,T.INFANT_RSF_AMT,T.ADDT_COMMISSION_AMT,T.INFANT_BAGGAGE_ALLOWANCE
 		,T.STOPOVER_FLAG,T.CHILD_DISCOUNT_PERCENT,T.TICKET_TYPE,T.DISCOUNT_CODE,T.CHILD_BAGGAGE_ALLOWANCE
 		,T.ENDORSEMENT_RESTRICTION,T.CHARGEABLE_STOPOVER_INBOUND
 		,T.CHILD_TOUR_CODE,T.TRAVEL_COMPLETE_DATE,T.FIRST_TRAVEL_DATE,T.BOOKING_CLASS
 		,T.INFANT_ABSOLUTE_AMT_ENTERED,T.TOUR_CODE,T.IS_COMBINED_FARE
 		,T.INFANT_PUBLISHED_FBC,T.CLASS_OF_SERVICE,T.UNIT,T.FARE_CALCULATION
 		,T.STOPOVER_LASTNUM,T.FARE_TYPE,T.FARE_BASIS,T.THRU_FARE,T.CHILD_VALUE_CODE
 		,T.CHILD_VALUE_CODE2,T.VALUE_CODE,T.CHILD_PUBLISHED_FBC
 		,T.ADULT_RSF_AMT,T.LAST_TICKETED_DATE,T.FIRST_TICKETED_DATE
 		,T.FARE_REC_NO,T.FREE_STOPOVER_TOTAL,T.INFANT_DISCOUNT_PERCENT,T.MODIFIED_FLAG
 		,r.MINIMUM_STAY,r.MINIMUM_STAY_UNIT,r.MAXIMUM_STAY,r.MAXIMUM_STAY_UNIT
	FROM NFS_${carrCode}.FARE T
	LEFT JOIN nfs_${carrCode}.agreement a
	ON TRIM(T.Location_code)=TRIM(a.location_code) AND TRIM(t.ref_no)=TRIM(a.ref_no)
	LEFT JOIN NFS_${carrCode}.FARE_RULE r
	ON TRIM(T.LOCATION_CODE) = TRIM(r.LOCATION_CODE) AND TRIM(T.REF_NO) = TRIM(r.REF_NO) AND TRIM(T.FARE_REC_NO) = TRIM(r.FARE_REC_NO) AND TRIM(T.SUB_FARE_REC_NO) = TRIM(r.SUB_FARE_REC_NO)



		SELECT COUNT(0) 
	  FROM NFS_CA.FARE T
		LEFT JOIN nfs_CA.agreement a
		ON TRIM(T.Location_code)=TRIM(a.location_code) AND TRIM(t.ref_no)=TRIM(a.ref_no)
		LEFT JOIN NFS_CA.FARE_RULE r
		ON TRIM(T.LOCATION_CODE) = TRIM(r.LOCATION_CODE) AND TRIM(T.REF_NO) = TRIM(r.REF_NO) AND TRIM(T.FARE_REC_NO) = TRIM(r.FARE_REC_NO) AND TRIM(T.SUB_FARE_REC_NO) = TRIM(r.SUB_FARE_REC_NO)
	  LEFT JOIN NFS_CA.FARE_ROUTE rt
		ON TRIM(T.LOCATION_CODE) = TRIM(rt.LOCATION_CODE) AND TRIM(T.REF_NO) = TRIM(rt.REF_NO) AND TRIM(T.FARE_REC_NO) = TRIM(rt.FARE_REC_NO) AND TRIM(T.SUB_FARE_REC_NO) = TRIM(r.SUB_FARE_REC_NO)
	  LEFT JOIN NFS_CA.FARE_ROUTE_ENTRY E
	  ON TRIM(T.LOCATION_CODE) = TRIM(E.LOCATION_CODE) AND TRIM(T.REF_NO) = TRIM(E.REF_NO) AND TRIM(T.FARE_REC_NO) = TRIM(E.FARE_REC_NO) AND TRIM(T.SUB_FARE_REC_NO) = TRIM(E.SUB_FARE_REC_NO)
	  LEFT JOIN NFS_CA.FARE_ROUTE_FLIGHT_NO F
	  ON TRIM(T.LOCATION_CODE) = TRIM(F.LOCATION_CODE) AND TRIM(T.REF_NO) = TRIM(F.REF_NO) AND TRIM(T.FARE_REC_NO) = TRIM(F.FARE_REC_NO) AND TRIM(T.SUB_FARE_REC_NO) = TRIM(F.SUB_FARE_REC_NO)
	  WHERE a.distribution_status=1
				AND TRIM(T.LOCATION_CODE) not in('PUB','TTL')
				AND T.EFFECTIVE_DATE <= to_date('2015-01-01', 'yyyy-MM-dd')
				AND T.DISCONTINUE_DATE > to_date('2015-01-01', 'yyyy-MM-dd')
				AND T.EFFECTIVE_DATE <= T.DISCONTINUE_DATE 
				AND T.FIRST_TICKETED_DATE<=T.LAST_TICKETED_DATE
				AND T.FIRST_TRAVEL_DATE<=T.LAST_TRAVEL_DATE



	</sql>
	
	<sql id="sqlCountFare">
		SELECT COUNT(0) FROM NFS_${carrCode}.FARE T
		LEFT JOIN nfs_${carrCode}.agreement a
		ON TRIM(T.Location_code)=TRIM(a.location_code) AND TRIM(t.ref_no)=TRIM(a.ref_no)
	</sql>
	<select id="selectAllFares" parameterType="map" resultMap="FareMap">
		<include refid="sqlSelectFare"/>
		<![CDATA[
			WHERE a.distribution_status=1
			AND TRIM(T.LOCATION_CODE) not in('PUB','TTL')
			AND T.EFFECTIVE_DATE <= #{saleDate} 
			AND T.DISCONTINUE_DATE > #{saleDate}
			AND T.EFFECTIVE_DATE <= T.DISCONTINUE_DATE 
			AND T.FIRST_TICKETED_DATE<=T.LAST_TICKETED_DATE
			AND T.FIRST_TRAVEL_DATE<=T.LAST_TRAVEL_DATE
		]]>
	</select>
	
	<select id="selectInsertFares" parameterType="map" resultMap="FareMap">
		<include refid="sqlSelectFare"/>
		<![CDATA[
			WHERE a.distribution_status=1
			AND TRIM(T.LOCATION_CODE) not in('PUB','TTL')
			AND T.EFFECTIVE_DATE >= #{start} 
			AND T.EFFECTIVE_DATE <= #{end}
			AND T.EFFECTIVE_DATE<=T.DISCONTINUE_DATE 
			AND T.FIRST_TRAVEL_DATE<=T.LAST_TRAVEL_DATE
			AND T.FIRST_TICKETED_DATE<=T.LAST_TICKETED_DATE
		]]>
	</select>
	
	<select id="selectUpdateFares" parameterType="map" resultMap="FareMap">
		<include refid="sqlSelectFare"/>
		<![CDATA[
			WHERE a.distribution_status=1
			AND TRIM(T.LOCATION_CODE) not in('PUB','TTL')
			AND T.EFFECTIVE_DATE < #{start} 
			AND T.WHEN_LAST_UPDATE <= #{start} 
			AND T.WHEN_LAST_UPDATE >= #{end} 
			AND T.EFFECTIVE_DATE<=T.DISCONTINUE_DATE 
			AND T.FIRST_TRAVEL_DATE<=T.LAST_TRAVEL_DATE
			AND T.FIRST_TICKETED_DATE<=T.LAST_TICKETED_DATE
		]]>
	</select>
	
	<resultMap id="GroupMap" type="com.travelsky.fare.caexport.db.model.easyfare_fare.FareDistribution">
		<constructor>
			<idArg column="CARRIER_CODE" javaType="string"/>
			<idArg column="LOCATION_CODE" javaType="string"/>
			<idArg column="REF_NO" javaType="string"/>
		</constructor>
		<result property="groupId" javaType="String" column="RECPT_ID" />
	</resultMap>
	
	<select id="selectAllDisGroup" parameterType="map" resultMap="GroupMap">
		<![CDATA[
		SELECT TRIM(T.CARRIER_CODE) AS CARRIER_CODE,TRIM(T.LOCATION_CODE) AS LOCATION_CODE,TRIM(T.REF_NO) AS REF_NO,TRIM(T.RECPT_ID) AS RECPT_ID
		FROM NFS_TA.NEW_DISTRIBUTION T
		WHERE TRIM(T.CARRIER_CODE)='${carrCode}' 
		AND TRIM(T.LOCATION_CODE) not in('PUB','TTL')
		AND T.EFFECTIVE_DATE<=#{date}
		AND T.DISCONTINUE_DATE>=#{date} 
		AND T.EFFECTIVE_DATE<=T.DISCONTINUE_DATE 
		]]>
	</select>
	
	<select id="selectInsertDisGroup" parameterType="map" resultMap="GroupMap">
		<![CDATA[
		SELECT TRIM(T.CARRIER_CODE) AS CARRIER_CODE,TRIM(T.LOCATION_CODE) AS LOCATION_CODE,TRIM(T.REF_NO) AS REF_NO,TRIM(T.RECPT_ID) AS RECPT_ID 
		FROM NFS_TA.NEW_DISTRIBUTION T
		WHERE TRIM(T.CARRIER_CODE)='${carrCode}' 
		AND TRIM(T.LOCATION_CODE) not in('PUB','TTL')
		AND T.EFFECTIVE_DATE<=T.DISCONTINUE_DATE 
		AND (TRIM(T.LOCATION_CODE),TRIM(T.REF_NO)) IN(
			SELECT TRIM(C.LOCATION_CODE),TRIM(C.REF_NO) 
			FROM NFS_TA.FARE_RCVD_CURRENT C
			WHERE C.CARRIER_CODE='${carrCode}' 
			AND TRIM(C.LOCATION_CODE) not in('PUB','TTL')
			AND C.EFFECTIVE_DATE>=#{start}
			AND C.EFFECTIVE_DATE<=#{end}
			AND C.EFFECTIVE_DATE<=C.DISCONTINUE_DATE 
			AND C.FIRST_TRAVEL_DATE<=C.LAST_TRAVEL_DATE 
			AND C.FIRST_TICKETED_DATE<=C.LAST_TICKETED_DATE 
			GROUP BY TRIM(C.LOCATION_CODE),TRIM(C.REF_NO)
		)
		]]>
	</select>
	
	<select id="selectUpdateDisGroup" parameterType="map" resultMap="GroupMap">
		<![CDATA[
	    SELECT TRIM(T.CARRIER_CODE) AS CARRIER_CODE,TRIM(T.LOCATION_CODE) AS LOCATION_CODE,TRIM(T.REF_NO) AS REF_NO,TRIM(T.RECPT_ID) AS RECPT_ID 
		FROM NFS_TA.NEW_DISTRIBUTION T
		WHERE T.CARRIER_CODE='${carrCode}'
		AND TRIM(T.LOCATION_CODE) not in('PUB','TTL')
		AND T.EFFECTIVE_DATE<=T.DISCONTINUE_DATE
		AND (TRIM(T.LOCATION_CODE),TRIM(T.REF_NO)) IN (
		      SELECT TRIM(F.LOCATION_CODE),TRIM(F.REF_NO)
		      FROM NFS_MU.FARE F 
		      WHERE AND TRIM(F.LOCATION_CODE) not in('PUB','TTL')
		      AND F.WHEN_LAST_UPDATE>=#{start}
		      AND F.WHEN_LAST_UPDATE<=#{end}
		      AND F.EFFECTIVE_DATE<=#{start}
		      AND F.EFFECTIVE_DATE<=F.DISCONTINUE_DATE 
		      GROUP BY TRIM(F.LOCATION_CODE),TRIM(F.REF_NO)
			)
		]]>
	</select>
	

</mapper>