<?xml version="1.0" encoding="UTF-8"?>
<!DOCTYPE mapper PUBLIC "-//ibatis.apache.org//DTD Mapper 3.0//EN" "http://ibatis.apache.org/dtd/ibatis-3-mapper.dtd">
<mapper namespace="FareRouteMapper">

	
	
	<select id="selectFareRoute" parameterType="map" resultMap="FareRouteMap">
		SELECT '${carrCode}' AS CARR_CODE,T.*
		FROM NFS_${carrCode}.FARE_ROUTE T
		<where>
			<choose>
				<when test="locationCode=LOCATION_CODE,refNo=REF_NO,fareRecNo=FARE_REC_NO,subFareRecNo=SUB_FARE_REC_NO">
					TRIM(T.LOCATION_CODE)=#{locationCode} 
					AND T.REF_NO=#{refNo}
					AND T.FARE_REC_NO=#{fareRecNo}
					AND T.SUB_FARE_REC_NO=#{subFareRecNo}
				</when>
				<otherwise>1=2</otherwise>
			</choose>
		</where>
	</select>
	
	<!-- 关联查出FareRouteEntry -->
	<select id="selectFareRouteEntry" parameterType="map" resultMap="FareRouteEntryMap">
		SELECT '${carrCode}' as CARR_CODE
			,E.LOCATION_CODE,E.REF_NO,E.FARE_REC_NO,E.ROUTE_NO,E.ENTRY_NO,E.FROM_CODE,E.FROM_CODE_TYPE
			,E.TO_CODE,E.TO_CODE_TYPE,E.STOPOVER_OR_TRANSFER,E.OPEN_JAW_FOR_BTWN,E.Q_CHARGE_AMT
			,E.SUB_FARE_REC_NO,E.MIN_STAY,E.MAX_STAY 
		FROM NFS_${carrCode}.FARE_ROUTE_ENTRY E
		<where>
			<choose>
				<when test="locationCode!=null and locationCode!='' and refNo!=null and refNo!='' and fareRecNo!=null and fareRecNo!='' and subFareRecNo!=null and subFareRecNo!=''">
					TRIM(E.LOCATION_CODE)=#{locationCode} AND R.REF_NO=#{refNo} AND R.FARE_REC_NO=#{fareRecNo} AND R.SUB_FARE_REC_NO=#{subFareRecNo} 
				</when>
				<otherwise>1=2</otherwise>
			</choose>
		</where>
	</select>
	
	<!-- 查询Entry所关联的FlightNo -->
	<select id="selectFareRouteEntryFlightNo" parameterType="map" resultMap="FareRouteEntryMap">
		SELECT '${carrCode}' as CARR_CODE 
			,F.LOCATION_CODE,F.REF_NO,F.FARE_REC_NO,F.ROUTE_NO,F.ENTRY_NO,F.FLIGHT_ENTRY_NO,F.CARRIER_CODE
			,F.AP_FROM_NO,F.AP_TO_NO,F.EX_FROM_NO,F.EX_TO_NO,F.BOOKING_CLASS,F.BOOKING_CLASS2,F.FARE_BASIS_CODE
			,F.FARE_BASIS_CODE2,F.SUB_FARE_REC_NO
		FROM NFS_${carrCode}.FARE_ROUTE_FLIGHT_NO F
		<where>
			<choose>
				<when test="locationCode!=null and locationCode!='' and refNo!=null and refNo!='' and fareRecNo!=null and fareRecNo!='' and subFareRecNo!=null and subFareRecNo!=''">
					TRIM(F.LOCATION_CODE)=#{locationCode} AND F.REF_NO=#{refNo} AND F.FARE_REC_NO=#{fareRecNo} AND F.SUB_FARE_REC_NO=#{subFareRecNo}
				</when>
				<otherwise>1=2</otherwise>
			</choose>
		</where>
	</select>

</mapper>