<?xml version="1.0" encoding="UTF-8"?>
<!DOCTYPE mapper PUBLIC "-//ibatis.apache.org//DTD Mapper 3.0//EN" "http://ibatis.apache.org/dtd/ibatis-3-mapper.dtd">

<mapper namespace="dao.easyfare.impl.mybatis.AirportMapper">

	<select id="selectACMap" parameterType="map" resultMap="POMapper.ACPairMap">
		SELECT
			airport_code as airport,
			city_code as citycode
		FROM nfs_gbl.airport t
		<where>
			<if test="airport != null and airport != '' ">
				t.airport_code = #{airport}
			</if>
			<if test="citycode != null and citycode != '' ">
				AND t.city_code = #{citycode}
			</if>
		</where>
	</select>

</mapper>
