<?xml version="1.0" encoding="UTF-8"?>
<!DOCTYPE mapper PUBLIC "-//ibatis.apache.org//DTD Mapper 3.0//EN" "http://ibatis.apache.org/dtd/ibatis-3-mapper.dtd">
<mapper namespace="POMapper">

	<resultMap id="FromToMap" type="com.travelsky.fare.caexport.db.model.po.FromTo">
		<result property="oriCode" column="ORI_CODE_TYPE" />
		<result property="oriCityCode" column="ORI_CODE" />
		<result property="oriCodeType" column="ORI_CITY_CODE" />
		<result property="desCode" column="DEST_CODE_TYPE" />
		<result property="desCodeType" column="DEST_CODE" />
		<result property="destCityCode" column="DEST_CITY_CODE" />
	</resultMap>

	<resultMap id="ACPairMap" type="com.travelsky.fare.caexport.db.model.po.ACPair">
		<result property="airport" column="airport" />
		<result property="citycode" column="citycode" />
	</resultMap>

	
</mapper>