<?xml version="1.0" encoding="UTF-8"?>
<!DOCTYPE mapper PUBLIC "-//ibatis.apache.org//DTD Mapper 3.0//EN" "http://ibatis.apache.org/dtd/ibatis-3-mapper.dtd">
<mapper namespace="PSFareMapper">

	<resultMap id="PSFareMap" type="com.travelsky.fare.caexport.db.model.airtis_fare.PSFare">
		<!-- AbstractPxFare 中的字段 -->
		<result property="carrCode" column="CARR_CODE"  jdbcType="VARCHAR"/>
		<result property="rptFileNo" column="RPT_FILE_NO"  jdbcType="VARCHAR"/>
		<result property="rptFrom" column="RPT_FROM"  jdbcType="VARCHAR"/>
		<result property="rptDate" column="RPT_DATE"  jdbcType="DATE"/>
		<result property="fare" column="FARE"  jdbcType="INTEGER"/>
		<result property="fareNo" column="FARE_NO"  jdbcType="INTEGER"/>
		<result property="fareBasis" column="FARE_BASIS"  jdbcType="VARCHAR"/>
		<result property="fareType" column="FARE_TYPE"  jdbcType="VARCHAR"/>
		<result property="money.value" column="FARE" jdbcType="DECIMAL"/>
		<result property="money.currCode" column="CURR_CODE"  jdbcType="VARCHAR"/>
		<result property="effDate" column="EFF_DATE"  jdbcType="DATE"/>
		<result property="discDate" column="DISC_DATE"  jdbcType="DATE"/>
		<result property="firstSaleDate" column="FIRST_SALE_DATE"  jdbcType="DATE"/>
		<result property="lastSaleDate" column="LAST_SALE_DATE"  jdbcType="DATE"/>
		<result property="ori.oriCode" column="ORG_STN" jdbcType="VARCHAR"/>
		<result property="ori.oriCityCode" column="ORG_CITY" jdbcType="VARCHAR" />
		<result property="ori.oriCodeType" column="ORG_FLG" jdbcType="CHAR" />
		<result property="dest.destCode" column="DES_STN" jdbcType="VARCHAR" />
		<result property="dest.destCityCode" column="DES_CITY" jdbcType="VARCHAR" />
		<result property="dest.destCodeType" column="DES_FLG" jdbcType="CHAR" />
		<result property="createDate" column="CREATE_DATE"  jdbcType="DATE"/>
		<result property="createBy" column="CREATE_BY"  jdbcType="VARCHAR"/>
		<result property="lastUpdateDate" column="LAST_UPDATE_DATE"  jdbcType="DATE"/>
		<result property="lastUpdateBy" column="LAST_UPDATE_BY"  jdbcType="VARCHAR"/>

		<result property="fileNo" column="FILE_NO"  jdbcType="VARCHAR"/>
		<result property="archvInd" column="ARCHV_IND"  jdbcType="VARCHAR"/>
		<result property="travelType" column="TRAVEL_TYPE"  jdbcType="VARCHAR"/>
		<result property="aprvDate" column="APRV_DATE"  jdbcType="DATE"/>
		<result property="aprvInd" column="APRV_IND"  jdbcType="VARCHAR"/>
		<result property="attribute1" column="ATTRIBUTE1"  jdbcType="VARCHAR"/>
		<result property="attribute2" column="ATTRIBUTE2"  jdbcType="VARCHAR"/>
		<result property="csActivateDate" column="CS_ACTIVATE_DATE"  jdbcType="DATE"/>
		<result property="csSourceFarePk" column="CS_SOURCE_FARE_PK"  jdbcType="VARCHAR"/>

		<!-- PSFare中特有的字段 -->
		<result property="clsCode" column="CLS_CODE"  jdbcType="VARCHAR"/>
		<result property="discPer" column="DISC_PER"  jdbcType="DECIMAL"/>
		<result property="serviceClass" column="SERVICE_CLASS"  jdbcType="INTEGER"/>
		<result property="flag" column="FLAG"  jdbcType="VARCHAR"/>
		<result property="routeflag" column="ROUTEFLAG"  jdbcType="VARCHAR"/>
		<result property="ruleId" column="RULE_NO"  jdbcType="VARCHAR"/>
		<result property="ruleIdNo" column="RULE_ID_NO"  jdbcType="VARCHAR"/>
		<collection property="rules" resultMap="FareRuleMapper.FareRuleMap" />
		<collection property="routes" resultMap="FareRouteMapper.FareRouteMap" />
	</resultMap>

	<sql id="sqlSelectPS">
	Select 
		'PUB' as LOCATION_CODE
		, T.CARR_CODE, T.FILE_NO
		, T.FARE_NO, T.FARE, T.FARE_BASIS, T.FARE_TYPE
		, T.RPT_FILE_NO, T.RPT_FROM, T.RPT_DATE
		, T.EFF_DATE, T.DISC_DATE
		, T.FIRST_SALE_DATE, T.LAST_SALE_DATE
		, T.RULE_ID_NO, T.RULE_NO
		, T.TRAVEL_TYPE, T.CLS_CODE, T.DISC_PER
		, T.CREATE_DATE, T.CREATE_BY, T.LAST_UPDATE_DATE, T.LAST_UPDATE_BY
		, T.APRV_DATE, T.APRV_IND, T.ARCHV_IND
		, T.CS_ACTIVATE_DATE, T.CS_SOURCE_FARE_PK
		, T.ATTRIBUTE1, T.ATTRIBUTE2, T.ROUTEFLAG
		, NVL(T.CURR_CODE, 'CNY') AS CURR_CODE
		, T.ORG_STN, T.ORG_CITY
		, (case T.ORG_FLG when 'C' then 0 when 'A' then 1 end) as ORG_FLG
		, T.DES_STN, T.DES_CITY
		, (case T.DES_FLG when 'C' then 0 when 'A' then 1 end) as DES_FLG
		, (case T.SERVICE_CLASS when 'F' then 2 when 'C' then 1 when 'Y' then 0 end) as SERVICE_CLASS
		, T.FLAG
		, T.RPT_FILE_NO AS REF_NO
		, T.FARE_NO AS FARE_REC_NO
		, U.ROUTE_NO
		, U.ENTRY_LASTNUM
		, U.SUB_FARE_REC_NO AS ROUTE_SUB_FARE_REC_NO
		, R.MINIMUM_STAY
		, R.MINIMUM_STAY_UNIT
		, R.MAXIMUM_STAY
		, R.MAXIMUM_STAY_UNIT
		, R.SUB_FARE_REC_NO AS RULE_SUB_FARE_REC_NO
	FROM FCIMS.DFIM_T_PSFPO T 
	LEFT JOIN NFS_${carrCode}.FARE_RULE R
	ON R.LOCATION_CODE='PUB' AND R.REF_NO=T.RPT_FILE_NO AND R.FARE_REC_NO=T.FARE_NO
	LEFT JOIN NFS_${carrCode}.FARE_ROUTE U
	ON U.LOCATION_CODE='PUB' AND R.REF_NO=T.RPT_FILE_NO AND R.FARE_REC_NO=T.FARE_NO
	</sql>
	
	<select id="selectAllOfDate" parameterType="java.util.Map" resultMap="PSFareMap">
		<include refid="sqlSelectPS"/>
		<![CDATA[
			Where T.CARR_CODE = #{carrCode}
				AND T.DISC_DATE			>= #{saleDate}
				AND T.FIRST_SALE_DATE	<= #{saleDate}
				AND T.LAST_SALE_DATE	>= #{saleDate} 			            
				AND T.EFF_DATE <= T.DISC_DATE 
				AND T.FIRST_SALE_DATE<=T.LAST_SALE_DATE
			ORDER BY T.CARR_CODE,T.ORG_STN,T.DES_STN,T.FIRST_SALE_DATE,T.EFF_DATE
		]]>
	</select>
	
	<select id="selectIncOfDays" parameterType="java.util.Map" resultMap="PSFareMap">
		<include refid="sqlSelectPS"/>
		<![CDATA[
			Where T.CARR_CODE = #{carrCode}
				AND T.FIRST_SALE_DATE	>  #{start}
				AND T.FIRST_SALE_DATE	<= #{end}
				AND T.LAST_SALE_DATE	>= #{end}
				AND T.DISC_DATE			>= #{end}
				AND T.EFF_DATE <= T.DISC_DATE 
				AND T.FIRST_SALE_DATE<=T.LAST_SALE_DATE
			ORDER BY T.CARR_CODE,T.ORG_STN,T.DES_STN,T.FIRST_SALE_DATE,T.EFF_DATE
		]]>
	</select>
	
	<select id="selectUpdateOfDays" parameterType="java.util.Map" resultMap="PSFareMap">
		<include refid="sqlSelectPS"/>
		<![CDATA[
			Where T.CARR_CODE = #{carrCode}
				AND T.Last_Update_Date	>= #{start}
				AND T.Last_Update_Date	<  #{end}
				AND T.FIRST_SALE_DATE	<= #{start}
				AND T.LAST_SALE_DATE	>= #{start}
				AND T.DISC_DATE			>= #{start}
				AND T.EFF_DATE <= T.DISC_DATE 
				AND T.FIRST_SALE_DATE<=T.LAST_SALE_DATE
			ORDER BY T.CARR_CODE,T.ORG_STN,T.DES_STN,T.FIRST_SALE_DATE,T.EFF_DATE
		]]>
	</select>

</mapper>