<?xml version="1.0" encoding="UTF-8"?>
<!DOCTYPE mapper PUBLIC "-//ibatis.apache.org//DTD Mapper 3.0//EN" "http://ibatis.apache.org/dtd/ibatis-3-mapper.dtd">
<mapper namespace="FBRMapper">

	<resultMap id="FBRMap" type="com.travelsky.fare.caexport.db.model.common.fbr.FBR">
		<result property="carrCode" column="CARR_CODE" jdbcType="VARCHAR"/>
		<result property="locationCode" column="LOCATION_CODE" jdbcType="VARCHAR"/>
		<result property="fareByRuleId" column="FARE_BY_RULE_ID" jdbcType="VARCHAR"/>
		<result property="fbrDesc" column="FBR_DESC" jdbcType="VARCHAR"/>
<!-- 		<result property="source" column="SOURCE" jdbcType="VARCHAR"/> -->
<!-- 		<result property="whoLastUpdate" column="WHO_LAST_UPDATE" jdbcType="VARCHAR"/> -->
<!-- 		<result property="whereLastUpdate" column="WHERE_LAST_UPDATE" jdbcType="VARCHAR"/> -->
<!-- 		<result property="whenLastUpdate" column="WHEN_LAST_UPDATE" jdbcType="DATE"/> -->
<!-- 		<result property="whenCreate" column="WHEN_CREATE" jdbcType="DATE"/> -->
<!-- 		<result property="whoCreate" column="WHO_CREATE" jdbcType="VARCHAR"/> -->
<!-- 		<result property="whereCreate" column="WHERE_CREATE" jdbcType="VARCHAR"/> -->
		<collection property="fbrDetails" resultMap="FBRDetailMap" />
	</resultMap>
	
	<resultMap id="FBRDetailMap" type="com.travelsky.fare.caexport.db.model.common.fbr.FBRDetail">
		<result property="carrCode" column="CARR_CODE" jdbcType="VARCHAR"/>
		<result property="locationCode" column="LOCATION_CODE" jdbcType="VARCHAR"/>
		<result property="fareByRuleId" column="FARE_BY_RULE_ID" jdbcType="VARCHAR"/>
		<result property="fareByRuleDtlId" column="FARE_BY_RULE_DTL_ID" jdbcType="VARCHAR"/>
		<result property="accountCode" column="ACCOUNT_CODE" jdbcType="VARCHAR"/>
		<result property="fbrDtlPrior" column="FBR_DTL_PRIOR" jdbcType="INTEGER"/>
		<result property="saleEffDate" column="SALE_EFF_DATE" jdbcType="DATE"/>
		<result property="saleDiscDate" column="SALE_DISC_DATE" jdbcType="DATE"/>
		<result property="firstTravelDate" column="FIRST_TRAVEL_DATE" jdbcType="DATE"/>
		<result property="lastTravelDate" column="LAST_TRAVEL_DATE" jdbcType="DATE"/>
		<result property="oriCodeType" column="ORI_CODE_TYPE" jdbcType="INTEGER"/>
		<result property="oriCode" column="ORI_CODE" jdbcType="VARCHAR"/>
		<result property="destCodeType" column="DEST_CODE_TYPE" jdbcType="INTEGER"/>
		<result property="destCode" column="DEST_CODE" jdbcType="VARCHAR"/>
		<result property="journeyType" column="JOURNEY_TYPE" jdbcType="VARCHAR"/>
		<result property="bookingClass" column="BOOKING_CLASS" jdbcType="VARCHAR"/>
		<result property="basefareType" column="BASEFARE_TYPE" jdbcType="INTEGER"/>
		<result property="priceChoose" column="PRICE_CHOOSE" jdbcType="INTEGER"/>
		<result property="ruleNo" column="RULE_NO" jdbcType="VARCHAR"/>
		<result property="ruleLocationCode" column="RULE_LOCATION_CODE" jdbcType="VARCHAR"/>
		<result property="ifSameBasefareRule" column="IF_SAME_BASEFARE_RULE" jdbcType="INTEGER"/>
		<result property="ifOnlyDirectFare" column="IF_ONLY_DIRECT_FARE" jdbcType="INTEGER"/>
		<result property="ifSameBasefareGroup" column="IF_SAME_BASEFARE_GROUP" jdbcType="INTEGER"/>
		<result property="ifUseOtherRuleRestriction" column="IF_USE_OTHER_RULE_RESTRICTION" jdbcType="INTEGER"/>
		<result property="outboundPermitted" column="OUTBOUND_PERMITTED" jdbcType="INTEGER"/>
		<result property="inboundPermitted" column="INBOUND_PERMITTED" jdbcType="INTEGER"/>
		<result property="minimumStay" column="MINIMUM_STAY" jdbcType="INTEGER"/>
		<result property="minimumStayUnit" column="MINIMUM_STAY_UNIT" jdbcType="VARCHAR"/>
		<result property="maximumStay" column="MAXIMUM_STAY" jdbcType="INTEGER"/>
		<result property="maximumStayUnit" column="MAXIMUM_STAY_UNIT" jdbcType="VARCHAR"/>
		<result property="rstfCaculateType" column="RSTF_CACULATE_TYPE" jdbcType="INTEGER"/>
		<result property="rstfAmt" column="RSTF_AMT" jdbcType="INTEGER"/>
		<result property="rstfCurrencyCode" column="RSTF_CURRENCY_CODE" jdbcType="VARCHAR"/>
		<result property="rstfPercent" column="RSTF_PERCENT" jdbcType="INTEGER"/>
		<result property="roundRule" column="ROUND_RULE" jdbcType="INTEGER"/>
		<result property="rstfDisplayIfSameBasefare" column="RSTF_DISPLAY_IF_SAME_BASEFARE" jdbcType="INTEGER"/>
		<result property="rstfDisplayFareBasis" column="RSTF_DISPLAY_FARE_BASIS" jdbcType="VARCHAR"/>
		<result property="rstfDisplayAdtCmnAmt" column="RSTF_DISPLAY_ADT_CMN_AMT" jdbcType="INTEGER"/>
		<result property="rstfDisplayBaseCmnAmt" column="RSTF_DISPLAY_BASE_CMN_AMT" jdbcType="INTEGER"/>
		<result property="rstfDisplayAdtCmnPct" column="RSTF_DISPLAY_ADT_CMN_PCT" jdbcType="INTEGER"/>
		<result property="rstfDisplayBaseCmnPct" column="RSTF_DISPLAY_BASE_CMN_PCT" jdbcType="INTEGER"/>
		<result property="rstfDisplayTourcode" column="RSTF_DISPLAY_TOURCODE" jdbcType="VARCHAR"/>
		<result property="rstfDisplayEndorsment" column="RSTF_DISPLAY_ENDORSMENT" jdbcType="VARCHAR"/>
		<result property="distributionStatus" column="DISTRIBUTION_STATUS" jdbcType="INTEGER"/>
		<result property="distributionDate" column="DISTRIBUTION_DATE" jdbcType="DATE"/>
		<result property="baggageAllowance" column="BAGGAGE_ALLOWANCE" jdbcType="INTEGER"/>
		<result property="baggageUnit" column="BAGGAGE_UNIT" jdbcType="INTEGER"/>
		<result property="discountCode" column="DISCOUNT_CODE" jdbcType="VARCHAR"/>
		<result property="source" column="SOURCE" jdbcType="VARCHAR"/>
		<result property="rstfDisplayIfFreeYq" column="RSTF_DISPLAY_IF_FREE_YQ" jdbcType="INTEGER"/>
		<result property="etermRstfDisplayEndorsment" column="ETERM_RSTF_DISPLAY_ENDORSMENT" jdbcType="VARCHAR"/>
		<result property="yCabinPriceChooseIf" column="Y_CABIN_PRICE_CHOOSE_IF" jdbcType="INTEGER"/>
		<result property="minYCabinPrice" column="MIN_Y_CABIN_PRICE" jdbcType="INTEGER"/>
		<result property="maxYCabinPrice" column="MAX_Y_CABIN_PRICE" jdbcType="INTEGER"/>
		<result property="accountCodeFlag" column="ACCOUNT_CODE_FLAG" jdbcType="INTEGER"/>
		<result property="remark" column="REMARK" jdbcType="VARCHAR"/>
		<result property="brandSource" column="BRAND_SOURCE" jdbcType="VARCHAR"/>
		<result property="subClassFlag" column="SUB_CLASS_FLAG" jdbcType="INTEGER"/>
		<result property="rstfThresholdCalType" column="RSTF_THRESHOLD_CAL_TYPE" jdbcType="INTEGER"/>
		<result property="rstfThresholdCalPercent" column="RSTF_THRESHOLD_CAL_PERCENT" jdbcType="INTEGER"/>
<!-- 		<result property="whoLastUpdate" column="WHO_LAST_UPDATE" jdbcType="VARCHAR"/> -->
<!-- 		<result property="whereLastUpdate" column="WHERE_LAST_UPDATE" jdbcType="VARCHAR"/> -->
<!-- 		<result property="whenLastUpdate" column="WHEN_LAST_UPDATE" jdbcType="DATE"/> -->
<!-- 		<result property="whenCreate" column="WHEN_CREATE" jdbcType="DATE"/> -->
<!-- 		<result property="whoCreate" column="WHO_CREATE" jdbcType="VARCHAR"/> -->
<!-- 		<result property="whereCreate" column="WHERE_CREATE" jdbcType="VARCHAR"/> -->
		<collection property="basefares" column="{carrCode=CARR_CODE,locationCode=LOCATION_CODE,fareByRuleId=FARE_BY_RULE_ID,fareByRuleDtlId=FARE_BY_RULE_DTL_ID}" select="selectFbrBasefareByPK" />
		<collection property="fbrDetailRoutes" column="{carrCode=CARR_CODE,locationCode=LOCATION_CODE,fareByRuleId=FARE_BY_RULE_ID,fareByRuleDtlId=FARE_BY_RULE_DTL_ID}" select="selectFbrDtlRouteByPK" />
		<collection property="groupids" column="{carrCode=CARR_CODE,locationCode=LOCATION_CODE,fareByRuleId=FARE_BY_RULE_ID,fareByRuleDtlId=FARE_BY_RULE_DTL_ID}" select="selectGroupIdsByPK" />
	</resultMap>
	
	<resultMap id="FBRBasefareMap" type="com.travelsky.fare.caexport.db.model.common.fbr.FBRBasefare">
		<result property="carrCode" column="CARR_CODE" jdbcType="VARCHAR"/>
		<result property="locationCode" column="LOCATION_CODE" jdbcType="VARCHAR"/>
		<result property="fareByRuleId" column="FARE_BY_RULE_ID" jdbcType="VARCHAR"/>
		<result property="fareByRuleDtlId" column="FARE_BY_RULE_DTL_ID" jdbcType="VARCHAR"/>
		<result property="basefareId" column="BASEFARE_ID" jdbcType="VARCHAR"/>
		<result property="oriCodeType" column="ORI_CODE_TYPE" jdbcType="INTEGER"/>
		<result property="oriCode" column="ORI_CODE" jdbcType="VARCHAR"/>
		<result property="destCodeType" column="DEST_CODE_TYPE" jdbcType="INTEGER"/>
		<result property="destCode" column="DEST_CODE" jdbcType="VARCHAR"/>
		<result property="journeyType" column="JOURNEY_TYPE" jdbcType="VARCHAR"/>
		<result property="bookingClass" column="BOOKING_CLASS" jdbcType="VARCHAR"/>
		<result property="fareBasis" column="FARE_BASIS" jdbcType="VARCHAR"/>
		<result property="distributionType" column="DISTRIBUTION_TYPE" jdbcType="VARCHAR"/>
		<result property="agencyId" column="AGENCY_ID" jdbcType="VARCHAR"/>
		<result property="ifDRbdOpenSeq" column="IF_D_RBD_OPEN_SEQ" jdbcType="INTEGER"/>
		<result property="dRbdOpenSeq" column="D_RBD_OPEN_SEQ" jdbcType="VARCHAR"/>
<!-- 		<result property="source" column="SOURCE" jdbcType="VARCHAR"/> -->
<!-- 		<result property="zValueMin" column="Z_VALUE_MIN" jdbcType="INTEGER"/> -->
<!-- 		<result property="zValueMax" column="Z_VALUE_MAX" jdbcType="INTEGER"/> -->
<!-- 		<result property="zValueMinSymbol" column="Z_VALUE_MIN_SYMBOL" jdbcType="INTEGER"/> -->
<!-- 		<result property="zValueMaxSymbol" column="Z_VALUE_MAX_SYMBOL" jdbcType="INTEGER"/> -->
<!-- 		<result property="ifZValueCheck" column="IF_Z_VALUE_CHECK" jdbcType="INTEGER"/> -->
	</resultMap>
	
	<resultMap id="FBRDtlExrouteMap" type="com.travelsky.fare.caexport.db.model.common.fbr.FBRDtlExroute">
		<result property="carrCode" column="CARR_CODE" jdbcType="VARCHAR"/>
		<result property="locationCode" column="LOCATION_CODE" jdbcType="VARCHAR"/>
		<result property="fareByRuleId" column="FARE_BY_RULE_ID" jdbcType="VARCHAR"/>
		<result property="fareByRuleDtlId" column="FARE_BY_RULE_DTL_ID" jdbcType="VARCHAR"/>
		<result property="exrouteNo" column="EXROUTE_NO" jdbcType="INTEGER"/>
<!-- 		<result property="source" column="SOURCE" jdbcType="VARCHAR"/> -->
<!-- 		<result property="entryLastnum" column="ENTRY_LASTNUM" jdbcType="INTEGER"/> -->
<!-- 		<result property="whoLastUpdate" column="WHO_LAST_UPDATE" jdbcType="VARCHAR"/> -->
<!-- 		<result property="whereLastUpdate" column="WHERE_LAST_UPDATE" jdbcType="VARCHAR"/> -->
<!-- 		<result property="whenLastUpdate" column="WHEN_LAST_UPDATE" jdbcType="DATE"/> -->
		<collection property="routeEntries" resultMap="FBRDtlExrouteEntryMap"/>
	</resultMap>
	
	<resultMap id="FBRDtlExrouteEntryMap" type="com.travelsky.fare.caexport.db.model.common.fbr.FBRDtlExrouteEntry">
		<result property="carrCode" column="CARR_CODE" jdbcType="VARCHAR"/>
		<result property="locationCode" column="LOCATION_CODE" jdbcType="VARCHAR"/>
		<result property="fareByRuleId" column="FARE_BY_RULE_ID" jdbcType="VARCHAR"/>
		<result property="fareByRuleDtlId" column="FARE_BY_RULE_DTL_ID" jdbcType="VARCHAR"/>
		<result property="exrouteNo" column="EXROUTE_NO" jdbcType="INTEGER"/>
		<result property="entryNo" column="ENTRY_NO" jdbcType="INTEGER"/>
		<result property="fromCode" column="FROM_CODE" jdbcType="VARCHAR"/>
		<result property="toCode" column="TO_CODE" jdbcType="VARCHAR"/>
<!-- 		<result property="source" column="SOURCE" jdbcType="VARCHAR"/> -->
	</resultMap>
	
	<select id="selectFbrBasefareByPK" parameterType="map" resultMap="FBRBasefareMap">
		SELECT T.CARR_CODE,T.LOCATION_CODE,T.FARE_BY_RULE_ID,T.FARE_BY_RULE_DTL_ID,T.BASEFARE_ID,T.ORI_CODE_TYPE,T.ORI_CODE
			,T.DEST_CODE_TYPE,T.DEST_CODE,T.JOURNEY_TYPE,T.BOOKING_CLASS,T.FARE_BASIS,T.DISTRIBUTION_TYPE,T.AGENCY_ID
			,T.IF_D_RBD_OPEN_SEQ,T.D_RBD_OPEN_SEQ
<!-- 			,T.SOURCE,T.Z_VALUE_MIN,T.Z_VALUE_MAX,T.Z_VALUE_MIN_SYMBOL,T.Z_VALUE_MAX_SYMBOL,T.IF_Z_VALUE_CHECK -->
		FROM NFS_TA.BASE_FARE T
		WHERE T.CARR_CODE=#{carrCode} AND T.LOCATION_CODE=#{locationCode} AND T.FARE_BY_RULE_ID = #{fareByRuleId} 
		AND T.FARE_BY_RULE_DTL_ID = #{fareByRuleDtlId} AND T.SOURCE='-'
	</select>
	
	<select id="selectFbrDtlRouteByPK" parameterType="map" resultMap="FBRDtlExrouteMap">
		SELECT T.CARR_CODE,T.LOCATION_CODE,T.FARE_BY_RULE_ID,T.FARE_BY_RULE_DTL_ID,T.EXROUTE_NO
<!-- 		,T.ENTRY_LASTNUM,T.WHO_LAST_UPDATE,T.WHERE_LAST_UPDATE,T.WHEN_LAST_UPDATE,T.SOURCE -->
			,E.ENTRY_NO,E.FROM_CODE,E.TO_CODE,E.SOURCE
		FROM NFS_TA.FARE_BY_RULE_DTL_EXROUTE T
		LEFT JOIN NFS_TA.FARE_BY_RULE_DTL_EXROUTE_ENTRY E
			ON E.CARR_CODE=T.CARR_CODE AND E.LOCATION_CODE=T.LOCATION_CODE AND E.FARE_BY_RULE_ID=T.FARE_BY_RULE_ID
			AND E.FARE_BY_RULE_DTL_ID=T.FARE_BY_RULE_DTL_ID AND E.EXROUTE_NO=T.EXROUTE_NO
		WHERE T.CARR_CODE=#{carrCode} AND T.LOCATION_CODE=#{locationCode} AND T.FARE_BY_RULE_ID=#{fareByRuleId} 
			AND T.FARE_BY_RULE_DTL_ID=#{fareByRuleDtlId} AND E.SOURCE='-'
	</select>
	
	<select id="selectGroupIdsByPK" parameterType="map" resultType="string">
		SELECT T.GROUP_ID FROM NFS_TA.FARE_BY_RULE_DTL_DISTRIBUTION T
		WHERE T.CARR_CODE=#{carrCode} AND T.LOCATION_CODE=#{locationCode} AND T.FARE_BY_RULE_ID = #{fareByRuleId} 
		AND T.FARE_BY_RULE_DTL_ID = #{fareByRuleDtlId} AND T.SOURCE='-'
	</select>
	
	<sql id="sqlSelectfareByRule">
		SELECT 
			T.LOCATION_CODE,T.FARE_BY_RULE_ID,T.CARR_CODE,T.FBR_DESC
<!-- 			,T.SOURCE,T.WHO_LAST_UPDATE,T.WHERE_LAST_UPDATE,T.WHEN_LAST_UPDATE,T.WHEN_CREATE,T.WHO_CREATE,T.WHERE_CREATE -->
			,T1.FARE_BY_RULE_DTL_ID,T1.ACCOUNT_CODE,T1.FBR_DTL_PRIOR,T1.SALE_EFF_DATE,T1.SALE_DISC_DATE,T1.FIRST_TRAVEL_DATE
			,T1.LAST_TRAVEL_DATE,T1.ORI_CODE_TYPE,T1.ORI_CODE,T1.DEST_CODE_TYPE,T1.DEST_CODE,T1.JOURNEY_TYPE,T1.BOOKING_CLASS,T1.BASEFARE_TYPE,T1.PRICE_CHOOSE,T1.RULE_NO
			,T1.RULE_LOCATION_CODE,T1.IF_SAME_BASEFARE_RULE,T1.IF_ONLY_DIRECT_FARE,T1.IF_SAME_BASEFARE_GROUP,T1.IF_USE_OTHER_RULE_RESTRICTION,T1.OUTBOUND_PERMITTED
			,T1.INBOUND_PERMITTED,T1.MINIMUM_STAY,T1.MINIMUM_STAY_UNIT,T1.MAXIMUM_STAY,T1.MAXIMUM_STAY_UNIT,T1.RSTF_CACULATE_TYPE,T1.RSTF_AMT,T1.RSTF_CURRENCY_CODE,T1.RSTF_PERCENT
			,T1.ROUND_RULE,T1.RSTF_DISPLAY_IF_SAME_BASEFARE,T1.RSTF_DISPLAY_FARE_BASIS,T1.RSTF_DISPLAY_ADT_CMN_AMT,T1.RSTF_DISPLAY_BASE_CMN_AMT,T1.RSTF_DISPLAY_ADT_CMN_PCT
			,T1.RSTF_DISPLAY_BASE_CMN_PCT,T1.RSTF_DISPLAY_TOURCODE,T1.RSTF_DISPLAY_ENDORSMENT,T1.DISTRIBUTION_STATUS,T1.DISTRIBUTION_DATE,T1.WHO_LAST_UPDATE,T1.WHERE_LAST_UPDATE
			,T1.WHEN_LAST_UPDATE,T1.BAGGAGE_ALLOWANCE,T1.BAGGAGE_UNIT,T1.DISCOUNT_CODE,T1.SOURCE,T1.RSTF_DISPLAY_IF_FREE_YQ,T1.ETERM_RSTF_DISPLAY_ENDORSMENT,T1.Y_CABIN_PRICE_CHOOSE_IF
			,T1.MIN_Y_CABIN_PRICE,T1.MAX_Y_CABIN_PRICE,T1.ACCOUNT_CODE_FLAG,T1.REMARK,T1.WHEN_CREATE,T1.WHO_CREATE,T1.WHERE_CREATE,T1.BRAND_SOURCE,T1.SUB_CLASS_FLAG
		FROM NFS_TA.FARE_BY_RULE T
		LEFT JOIN NFS_TA.FARE_BY_RULE_DTL T1
		ON T1.CARR_CODE=T.CARR_CODE AND T1.LOCATION_CODE=T.Location_Code AND T1.FARE_BY_RULE_ID=T.FARE_BY_RULE_ID
	</sql>
	
	<select id="selectAllOfDate" parameterType="map" resultMap="FBRMap">
		<include refid="sqlSelectfareByRule"/>
		<![CDATA[ 
			WHERE T1.CARR_CODE = #{carrCode} 
			AND T1.SALE_DISC_DATE>=#{effdate}
			AND T1.SALE_EFF_DATE<=#{effdate} 
			AND T1.SOURCE='-'
			AND T1.BASEFARE_TYPE=0
			AND T1.DISTRIBUTION_STATUS=1
			AND T1.RSTF_CACULATE_TYPE<4
		 ]]>
	</select>
	
	<select id="selectIncOfDays" parameterType="map" resultMap="FBRMap">
		<include refid="sqlSelectfareByRule"/>
		<![CDATA[ 
			WHERE T1.CARR_CODE = #{carrCode} 
			AND T1.SALE_EFF_DATE>#{effdate} 
			AND T1.SALE_EFF_DATE<=#{discdate} 
			AND T1.SALE_DISC_DATE>#{discdate} 
			AND T1.SOURCE='-' 
			AND T1.BASEFARE_TYPE=0 
			AND T1.DISTRIBUTION_STATUS=1
		 ]]>
	</select>
	
	<select id="selectUpdateOfDays" parameterType="map" resultMap="FBRMap">
		<include refid="sqlSelectfareByRule"/>
		<![CDATA[ 
			WHERE T1.CARR_CODE = #{carrCode}
			AND T1.SALE_EFF_DATE<=#{effdate}
			AND T1.SALE_DISC_DATE>#{effdate}
			AND T1.WHEN_LAST_UPDATE>#{effdate}
			AND T1.SOURCE='-'
			AND T1.BASEFARE_TYPE=0
			AND T1.DISTRIBUTION_STATUS=1
		 ]]>
	</select>
	
</mapper>