<?xml version="1.0" encoding="UTF-8"?>
<!DOCTYPE mapper PUBLIC "-//ibatis.apache.org//DTD Mapper 3.0//EN" "http://ibatis.apache.org/dtd/ibatis-3-mapper.dtd">
<mapper namespace="GroupMapper">

	<resultMap id="GroupMap" type="com.travelsky.fare.caexport.db.model.common.group.Group">
		<result property="carrCode" column="CARR_CODE"  jdbcType="VARCHAR"/>
		<result property="locationCode" column="LOCATION_CODE"  jdbcType="CHAR"/>
		<result property="groupId" column="GROUP_ID"  jdbcType="VARCHAR"/>
		<result property="groupDesc" column="GROUP_DESC"  jdbcType="VARCHAR"/>
		<result property="groupType" column="GROUP_TYPE"  jdbcType="INTEGER"/>
		<collection property="gentrys" resultMap="GroupEntryMap" />
	</resultMap>

	<resultMap id="GroupEntryMap" type="com.travelsky.fare.caexport.db.model.common.group.GroupEntry">
		<result property="agencyIdPcc" column="AGENCY_ID_PCC"  jdbcType="CHAR"/>
		<result property="agencyIdIata" column="AGENCY_ID_IATA"  jdbcType="CHAR"/>
		<result property="cityCode" column="CITY_CODE"  jdbcType="CHAR"/>
		<result property="agencyName" column="AGENCY_NAME"  jdbcType="VARCHAR"/>
		<result property="disName" column="DIS_NAME"  jdbcType="VARCHAR"/>
		<result property="sysCode" column="SYS_CODE"  jdbcType="VARCHAR"/>
	</resultMap>

	<sql id="sqlSelectGroup">
	SELECT '${carrCode}' AS CARR_CODE
		,T.LOCATION_CODE,T.GROUP_ID,T.GROUP_DESC,T.WHO_LAST_UPDATE,T.WHERE_LAST_UPDATE,T.WHEN_LAST_UPDATE,T.GROUP_TYPE
		,T1.AGENCY_ID_PCC,T1.AGENCY_ID_IATA,T1.CITY_CODE,T1.AGENCY_NAME,T1.DIS_NAME,T1.SYS_CODE
	FROM NFS_${carrCode}.GROUPS T
	Left Join NFS_${carrCode}.GROUPS_ENTRY T1
	ON Trim(T.GROUP_ID) = Trim(T1.GROUP_ID) AND Trim(T.LOCATION_CODE) = Trim(T1.LOCATION_CODE)
	</sql>
	
	<!-- AirTis -->
	<select id="Tis_SelectAll" parameterType="map" resultMap="GroupMap">
		<include refid="sqlSelectGroup"/>
		WHERE T.LOCATION_CODE='PUB'
		<if test="start!=null">
		<![CDATA[ 
			AND T.WHEN_LAST_UPDATE >= #{start} 
		]]>
		</if>
	</select>

	<select id="Tis_SelectInc" parameterType="map" resultMap="GroupMap">
		<include refid="sqlSelectGroup"/>
		WHERE T.LOCATION_CODE='PUB'
		<if test="start!=null and end!=null">
			AND T.WHEN_LAST_UPDATE BETWEEN #{start} AND #{end}
		</if>
	</select>

	<!-- EasyFare -->
	<select id="Easy_SelectAll" parameterType="map" resultMap="GroupMap">
		<include refid="sqlSelectGroup"/>
		WHERE T.LOCATION_CODE!='PUB'
		<if test="start!=null">
		<![CDATA[ 
			AND T.WHEN_LAST_UPDATE >= #{start} 
		]]>
		</if>
	</select>

	<select id="Easy_SelectInc" parameterType="map" resultMap="GroupMap">
		<include refid="sqlSelectGroup"/>
		WHERE T.LOCATION_CODE!='PUB'
		<if test="start!=null and end!=null">
			AND T.WHEN_LAST_UPDATE BETWEEN #{start} AND #{end}
		</if>
	</select>

</mapper>