<?xml version="1.0" encoding="UTF-8"?>
<!DOCTYPE mapper PUBLIC "-//ibatis.apache.org//DTD Mapper 3.0//EN" "http://ibatis.apache.org/dtd/ibatis-3-mapper.dtd">
<mapper namespace="RefundMapper">

	<resultMap id="RefundMap" type="com.travelsky.fare.caexport.db.model.common.refund.Refund">
		<result property="refundRuleId" column="REFUND_ID"  jdbcType="VARCHAR"/>
		<result property="locationCode" column="LOCATION_CODE"  jdbcType="VARCHAR"/>
		<result property="refundType" column="REFUND_TYPE"  jdbcType="INTEGER"/>
		<result property="unusedSectorTax" column="UNUSED_SECTOR_TAX"  jdbcType="INTEGER"/>
		<result property="voluntaryTxt" column="VOLUNTARY_TXT"  jdbcType="VARCHAR"/>
		<result property="involuntaryTxt" column="INVOLUNTARY_TXT"  jdbcType="VARCHAR"/>
<!-- 		<result property="update.lastUpdateBy" column="LAST_UPDATE_BY"  jdbcType="VARCHAR"/> -->
<!-- 		<result property="update.lastUpdateDate" column="LAST_UPDATE_DATE"  jdbcType="DATE"/> -->
		<result property="ruleType" column="RULE_TYPE"  jdbcType="INTEGER"/>
		<result property="refundYqtaxAllowed" column="REFUND_YQTAX_ALLOWED"  jdbcType="INTEGER"/>
		<collection property="entries" column="{carrCode=CARR_CODE,refundId=REFUND_ID}" select="selectEntriesByRefundId" />
<!-- 		<collection property="entries" resultMap="RefundEntryMap" /> -->
	</resultMap>

	<resultMap id="RefundEntryMap" type="com.travelsky.fare.caexport.db.model.common.refund.RefundEntry">
		<result property="refundRuleId" column="REFUND_RULE_ID"  jdbcType="VARCHAR"/>
		<result property="seqId" column="SEQ_ID"  jdbcType="INTEGER"/>
		<result property="passengerType" column="PASSENGER_TYPE"  jdbcType="VARCHAR"/>
		<result property="journeyType" column="JOURNEY_TYPE"  jdbcType="VARCHAR"/>
		<result property="bookingClass" column="BOOKING_CLASS"  jdbcType="VARCHAR"/>
		<result property="fareBasis" column="FARE_BASIS"  jdbcType="VARCHAR"/>
		<result property="ticket.ticketUseType" column="TICKET_USE_TYPE"  jdbcType="INTEGER"/>
		<result property="ticket.firstTicketedTime" column="FIRST_TICKETED_TIME"  jdbcType="INTEGER"/>
		<result property="ticket.lastTicketedTime" column="LAST_TICKETED_TIME"  jdbcType="INTEGER"/>
		<result property="depart.departrueTimeType" column="DEPARTRUE_TIME_TYPE"  jdbcType="INTEGER"/>
		<result property="depart.firstDepartrueTime" column="FIRST_DEPARTRUE_TIME"  jdbcType="INTEGER"/>
		<result property="depart.lastDepartrueTime" column="LAST_DEPARTRUE_TIME"  jdbcType="INTEGER"/>
		<result property="cal.calUsedSectorType" column="CAL_USED_SECTOR_TYPE"  jdbcType="INTEGER"/>
		<result property="cal.calBookingClass" column="CAL_BOOKING_CLASS"  jdbcType="VARCHAR"/>
		<result property="cal.calUnusedSectorType" column="CAL_UNUSED_SECTOR_TYPE"  jdbcType="INTEGER"/>
		<result property="percent" column="PERCENT"  jdbcType="INTEGER"/>
		<result property="amount.minimumAmount" column="MINIMUM_AMOUNT"  jdbcType="INTEGER"/>
		<result property="amount.fixedAmount" column="FIXED_AMOUNT"  jdbcType="INTEGER"/>
		<result property="taxRefundType" column="TAX_REFUND_TYPE"  jdbcType="INTEGER"/>
<!-- 		<result property="update.lastUpdateBy" column="LAST_UPDATE_BY"  jdbcType="VARCHAR"/> -->
<!-- 		<result property="update.lastUpdateDate" column="LAST_UPDATE_DATE"  jdbcType="DATE"/> -->
		<result property="specRbd" column="SPEC_RBD"  jdbcType="VARCHAR"/>
		<result property="entryTranslate" column="ENTRY_TRANSLATE"  jdbcType="VARCHAR"/>
		<result property="ticket.ticketedTimeUnit" column="TICKETED_TIME_UNIT"  jdbcType="VARCHAR"/>
		<result property="depart.departrueTimeUnit" column="DEPARTRUE_TIME_UNIT"  jdbcType="VARCHAR"/>
		<result property="cal.calUnusedPfarePercent" column="CAL_UNUSED_PFARE_PERCENT"  jdbcType="INTEGER"/>
		<result property="lowup.lowerValue" column="LOWER_VALUE"  jdbcType="INTEGER"/>
		<result property="lowup.lowerRelate" column="LOWER_RELATE"  jdbcType="VARCHAR"/>
		<result property="lowup.upperValue" column="UPPER_VALUE"  jdbcType="INTEGER"/>
		<result property="lowup.upperRelate" column="UPPER_RELATE"  jdbcType="VARCHAR"/>
		<result property="ruleType" column="RULE_TYPE"  jdbcType="INTEGER"/>
		<result property="refundAllowedTag" column="REFUND_ALLOWED_TAG"  jdbcType="INTEGER"/>
		<result property="refundYqtaxAllowed" column="REFUND_YQTAX_ALLOWED"  jdbcType="INTEGER"/>
		<result property="otherRefundCarrierList" column="OTHER_REFUND_CARRIER_LIST"  jdbcType="VARCHAR"/>
	</resultMap>
	
	<select id="selectEntriesByRefundId" parameterType="map" resultMap="RefundEntryMap">
		SELECT '${carrCode}' AS CARR_CODE
			,T.REFUND_RULE_ID
			,T.SEQ_ID
			,T.PASSENGER_TYPE
			,T.JOURNEY_TYPE
			,T.BOOKING_CLASS
			,T.FARE_BASIS
			,T.TICKET_USE_TYPE
			,T.FIRST_TICKETED_TIME
			,T.LAST_TICKETED_TIME
			,T.DEPARTRUE_TIME_TYPE
			,T.FIRST_DEPARTRUE_TIME
			,T.LAST_DEPARTRUE_TIME
			,T.CAL_USED_SECTOR_TYPE
			,T.CAL_BOOKING_CLASS
			,T.CAL_UNUSED_SECTOR_TYPE
			,T.PERCENT
			,T.MINIMUM_AMOUNT
			,T.FIXED_AMOUNT
			,T.TAX_REFUND_TYPE
			,T.SPEC_RBD
			,T.ENTRY_TRANSLATE
			,T.TICKETED_TIME_UNIT
			,T.DEPARTRUE_TIME_UNIT
			,T.CAL_UNUSED_PFARE_PERCENT
			,T.LOWER_VALUE
			,T.LOWER_RELATE
			,T.UPPER_VALUE
			,T.UPPER_RELATE
			,T.REFUND_ALLOWED_TAG
			,T.OTHER_REFUND_CARRIER_LIST
		FROM NFS_${carrCode}.rule_refund_entry T
		WHERE T.REFUND_RULE_ID IS NOT NULL AND T.REFUND_RULE_ID = #{refundId} 
	</select>

	<sql id="sqlSelectRefund">
		SELECT '${carrCode}' as CARR_CODE
			,T.REFUND_RULE_ID AS REFUND_ID
			,T.LOCATION_CODE
			,T.REFUND_TYPE
			,T.UNUSED_SECTOR_TAX
			,T.VOLUNTARY_TXT
			,T.INVOLUNTARY_TXT
<!-- 			,T.LAST_UPDATE_BY -->
<!-- 			,T.LAST_UPDATE_DATE -->
			,T.RULE_TYPE
			,T.REFUND_YQTAX_ALLOWED
		FROM NFS_${carrCode}.rule_refund T
	</sql>
	
	<!-- AirTis -->
	<select id="Tis_SelectAll" parameterType="map" resultMap="RefundMap">
		<include refid="sqlSelectRefund"/>
		WHERE T.LOCATION_CODE='PUB'
		<if test="start!=null">
		<![CDATA[ 
			AND T.LAST_UPDATE_DATE>=#{start} 
		]]>
		</if>
	</select>

	<select id="Tis_SelectInc" parameterType="map" resultMap="RefundMap">
		<include refid="sqlSelectRefund"/>
		WHERE T.LOCATION_CODE='PUB'
		<if test="start!=null and end!=null">
			AND T.LAST_UPDATE_DATE BETWEEN #{start} AND #{end} 
		</if>
	</select>
	
	<!-- EasyFare -->
	<select id="Easy_SelectAll" parameterType="map" resultMap="RefundMap">
		<include refid="sqlSelectRefund"/>
		WHERE T.LOCATION_CODE!='PUB'
		<if test="start!=null">
		<![CDATA[ 
			AND T.LAST_UPDATE_DATE>=#{start} 
		]]>
		</if>
	</select>

	<select id="Easy_SelectInc" parameterType="map" resultMap="RefundMap">
		<include refid="sqlSelectRefund"/>
		WHERE T.LOCATION_CODE!='PUB'
		<if test="start!=null and end!=null">
			AND T.LAST_UPDATE_DATE BETWEEN #{start} AND #{end} 
		</if>
	</select>

</mapper>