<?xml version="1.0" encoding="UTF-8"?>
<!DOCTYPE mapper PUBLIC "-//ibatis.apache.org//DTD Mapper 3.0//EN" "http://ibatis.apache.org/dtd/ibatis-3-mapper.dtd">
<mapper namespace="ReissueMapper">

	<resultMap id="ReissueMap" type="com.travelsky.fare.caexport.db.model.common.reissue.Reissue">
		<result property="reissueId" column="RULE_REISSUE_ID"  jdbcType="VARCHAR"/>
		<result property="locationCode" column="LOCATION_CODE"  jdbcType="VARCHAR"/>
		<result property="changeTag" column="CHANGE_TAG"  jdbcType="VARCHAR"/>
		<result property="voluntaryChangedText" column="VOLUNTARY_CHANGED_TEXT"  jdbcType="VARCHAR"/>
		<result property="involuntaryChangedText" column="INVOLUNTARY_CHANGED_TEXT"  jdbcType="VARCHAR"/>
<!-- 		<result property="update.whoLastUpdate" column="WHO_LAST_UPDATE"  jdbcType="VARCHAR"/> -->
<!-- 		<result property="update.whereLastUpdate" column="WHERE_LAST_UPDATE"  jdbcType="VARCHAR"/> -->
<!-- 		<result property="update.whenLastUpdate" column="WHEN_LAST_UPDATE"  jdbcType="DATE"/> -->
		<result property="ruleType" column="RULE_TYPE"  jdbcType="INTEGER"/>
<!-- 		<association property="detail" resultMap="ReissueDetailMapper.ReissueDetailMap" /> -->
		<collection property="details" column="{carrCode=CARR_CODE,reissueId=RULE_REISSUE_ID,ruleType=RULE_TYPE}" select="selectDetailByReissueId" />
	</resultMap>

	<resultMap id="ReissueDetailMap" type="com.travelsky.fare.caexport.db.model.common.reissue.ReissueDetail">
		<result property="reissueId" column="REISSUE_ID"  jdbcType="VARCHAR"/>
		<result property="seqNumber" column="SEQ_NUMBER"  jdbcType="INTEGER"/>
		<result property="passengerType" column="PASSENGER_TYPE"  jdbcType="VARCHAR"/>
		<result property="fareBasis" column="FARE_BASIS"  jdbcType="VARCHAR"/>
		<result property="bookingClass" column="BOOKING_CLASS"  jdbcType="VARCHAR"/>
		<result property="journeyType" column="JOURNEY_TYPE"  jdbcType="VARCHAR"/>
		<result property="ticket.ticketUsedTag" column="TICKET_USED_TAG"  jdbcType="INTEGER"/>
		<result property="flight.flightLaunchTag" column="FLIGHT_LAUNCH_TAG"  jdbcType="VARCHAR"/>
		<result property="flight.flightLaunchUnit" column="FLIGHT_LAUNCH_UNIT"  jdbcType="VARCHAR"/>
		<result property="flight.flightLaunchNumber" column="FLIGHT_LAUNCH_NUMBER"  jdbcType="INTEGER"/>
		<result property="freeChangeTimes" column="FREE_CHANGE_TIMES"  jdbcType="VARCHAR"/>
		<result property="charge.chargeType" column="CHARGE_TYPE"  jdbcType="INTEGER"/>
		<result property="charge.chargeCurrencyCode" column="CHARGE_CURRENCY_CODE"  jdbcType="VARCHAR"/>
		<result property="amount.chargeAmount" column="CHARGE_AMOUNT"  jdbcType="INTEGER"/>
		<result property="dis.discountCalculateType" column="DISCOUNT_CALCULATE_TYPE"  jdbcType="INTEGER"/>
		<result property="dis.discountBookingClass" column="DISCOUNT_BOOKING_CLASS"  jdbcType="VARCHAR"/>
		<result property="dis.discountPercent" column="DISCOUNT_PERCENT"  jdbcType="INTEGER"/>
		<result property="charge.chargeUnit" column="CHARGE_UNIT"  jdbcType="INTEGER"/>
		<result property="carryUnit" column="CARRY_UNIT"  jdbcType="INTEGER"/>
		<result property="roundType" column="ROUND_TYPE"  jdbcType="INTEGER"/>
		<result property="charge.chargeMinAmount" column="CHARGE_MIN_AMOUNT"  jdbcType="INTEGER"/>
		<result property="charge.chargeMinCurrencyCode" column="CHARGE_MIN_CURRENCY_CODE"  jdbcType="VARCHAR"/>
		<result property="reissueChargeTag" column="REISSUE_CHARGE_TAG"  jdbcType="INTEGER"/>
		<result property="reissueRestrictionId" column="REISSUE_RESTRICTION_ID"  jdbcType="INTEGER"/>
<!-- 		<result property="update.whoLastUpdate" column="WHO_LAST_UPDATE"  jdbcType="VARCHAR"/> -->
<!-- 		<result property="update.whereLastUpdate" column="WHERE_LAST_UPDATE"  jdbcType="VARCHAR"/> -->
<!-- 		<result property="update.whenLastUpdate" column="WHEN_LAST_UPDATE"  jdbcType="DATE"/> -->
		<result property="detailTranslate" column="DETAIL_TRANSLATE"  jdbcType="VARCHAR"/>
		<result property="lowup.lowerValue" column="LOWER_VALUE"  jdbcType="INTEGER"/>
		<result property="lowup.lowerRelate" column="LOWER_RELATE"  jdbcType="VARCHAR"/>
		<result property="lowup.upperValue" column="UPPER_VALUE"  jdbcType="INTEGER"/>
		<result property="lowup.upperRelate" column="UPPER_RELATE"  jdbcType="VARCHAR"/>
		<result property="otherReissueCarrierList" column="OTHER_REISSUE_CARRIER_LIST"  jdbcType="VARCHAR"/>
		<result property="ruleType" column="RULE_TYPE"  jdbcType="INTEGER"/>
		<result property="specialProductionTag" column="SPECIAL_PRODUCTION_TAG"  jdbcType="INTEGER"/>
		<result property="pri.priorityType" column="PRIORITY_TYPE"  jdbcType="INTEGER"/>
		<result property="pri.priorityList" column="PRIORITY_LIST"  jdbcType="VARCHAR"/>
		<result property="ticket.firstTicketedTime" column="FIRST_TICKETED_TIME"  jdbcType="INTEGER"/>
		<result property="ticket.lastTicketedTime" column="LAST_TICKETED_TIME"  jdbcType="INTEGER"/>
		<result property="ticket.ticketedTimeUnit" column="TICKETED_TIME_UNIT"  jdbcType="VARCHAR"/>
		<result property="depart.departrueTimeType" column="DEPARTRUE_TIME_TYPE"  jdbcType="INTEGER"/>
		<result property="depart.firstDepartrueTime" column="FIRST_DEPARTRUE_TIME"  jdbcType="INTEGER"/>
		<result property="depart.lastDepartrueTime" column="LAST_DEPARTRUE_TIME"  jdbcType="INTEGER"/>
		<result property="depart.departrueTimeUnit" column="DEPARTRUE_TIME_UNIT"  jdbcType="VARCHAR"/>
		<result property="reissueAllowedTag" column="REISSUE_ALLOWED_TAG"  jdbcType="INTEGER"/>
		<result property="dis.discountCode" column="DISCOUNT_CODE"  jdbcType="VARCHAR"/>
		
		<!-- Restriction部分 -->
		<result property="firstFlightTag" column="FIRST_FLIGHT_TAG"  jdbcType="INTEGER"/>
		<result property="sameFlightTag" column="SAME_FLIGHT_TAG"  jdbcType="INTEGER"/>
		<result property="flightDateTag" column="FLIGHT_DATE_TAG"  jdbcType="VARCHAR"/>
		<result property="flightDateNum" column="FLIGHT_DATE_NUM"  jdbcType="INTEGER"/>
		<result property="flightDateUnit" column="FLIGHT_DATE_UNIT"  jdbcType="VARCHAR"/>
		<result property="processTag" column="PROCESS_TAG"  jdbcType="INTEGER"/>
		<result property="dateChangedTag" column="DATE_CHANGED_TAG"  jdbcType="INTEGER"/>
		<result property="upgradeTag" column="UPGRADE_TAG"  jdbcType="INTEGER"/>
		<result property="upgradeFeeTag" column="UPGRADE_FEE_TAG"  jdbcType="INTEGER"/>
		<result property="fareDisplayTag" column="FARE_DISPLAY_TAG"  jdbcType="INTEGER"/>
		<result property="endorsmentTag" column="ENDORSMENT_TAG"  jdbcType="INTEGER"/>
		<result property="endorsmentPrefix" column="ENDORSMENT_PREFIX"  jdbcType="VARCHAR"/>
		<result property="endorsmentSuffix" column="ENDORSMENT_SUFFIX"  jdbcType="VARCHAR"/>
		<result property="newEndorsment" column="NEW_ENDORSMENT"  jdbcType="VARCHAR"/>
	</resultMap>
	
	<select id="selectDetailByReissueId" parameterType="map" resultMap="ReissueDetailMap">
		SELECT '${carrCode}' AS CARR_CODE
			,T.REISSUE_ID
			,T.SEQ_NUMBER AS SEQ_ID
			,T.PASSENGER_TYPE
			,T.FARE_BASIS
			,T.BOOKING_CLASS
			,T.JOURNEY_TYPE
			,T.TICKET_USED_TAG
			,T.FLIGHT_LAUNCH_TAG
			,T.FLIGHT_LAUNCH_UNIT
			,T.FLIGHT_LAUNCH_NUMBER
			,T.FREE_CHANGE_TIMES
			,T.CHARGE_TYPE
			,T.CHARGE_CURRENCY_CODE
			,T.CHARGE_AMOUNT
			,T.DISCOUNT_CALCULATE_TYPE
			,T.DISCOUNT_BOOKING_CLASS
			,T.DISCOUNT_PERCENT
			,T.CHARGE_UNIT
			,T.CARRY_UNIT
			,T.ROUND_TYPE
			,T.CHARGE_MIN_AMOUNT
			,T.CHARGE_MIN_CURRENCY_CODE
			,T.REISSUE_CHARGE_TAG
			,T.REISSUE_RESTRICTION_ID
			,T.DETAIL_TRANSLATE
			,T.LOWER_VALUE
			,T.LOWER_RELATE
			,T.UPPER_VALUE
			,T.UPPER_RELATE
			,T.OTHER_REISSUE_CARRIER_LIST
			,T.SPECIAL_PRODUCTION_TAG
			,T.PRIORITY_TYPE
			,T.PRIORITY_LIST
			,T.FIRST_TICKETED_TIME
			,T.LAST_TICKETED_TIME
			,T.TICKETED_TIME_UNIT
			,T.DEPARTRUE_TIME_TYPE
			,T.FIRST_DEPARTRUE_TIME
			,T.LAST_DEPARTRUE_TIME
			,T.DEPARTRUE_TIME_UNIT
			,T.REISSUE_ALLOWED_TAG
			,T.DISCOUNT_CODE
			
			,T1.FIRST_FLIGHT_TAG
			,T1.SAME_FLIGHT_TAG
			,T1.FLIGHT_DATE_TAG
			,T1.FLIGHT_DATE_NUM
			,T1.FLIGHT_DATE_UNIT
			,T1.PROCESS_TAG
			,T1.DATE_CHANGED_TAG
			,T1.UPGRADE_TAG
			,T1.UPGRADE_FEE_TAG
			,T1.FARE_DISPLAY_TAG
			,T1.ENDORSMENT_TAG
			,T1.ENDORSMENT_PREFIX
			,T1.ENDORSMENT_SUFFIX
			,T1.NEW_ENDORSMENT
		FROM NFS_${carrCode}.RULE_REISSUE_DETAIL T
		LEFT JOIN NFS_${carrCode}.RULE_REISSUE_RESTRICTION T1
		ON TRIM(T.REISSUE_RESTRICTION_ID)=TRIM(T1.ID) AND TRIM(T.RULE_TYPE)=TRIM(T1.RULE_TYPE)
		WHERE T.REISSUE_ID IS NOT NULL AND TRIM(T.REISSUE_ID)=#{reissueId} AND TRIM(T.RULE_TYPE)=#{ruleType}
	</select>

	<sql id="sqlSelectReissue">
		SELECT '${carrCode}' as CARR_CODE
			,T.REISSUE_ID AS RULE_REISSUE_ID
			,T.LOCATION_CODE
			,T.CHANGE_TAG
			,T.VOLUNTARY_CHANGED_TEXT
			,T.INVOLUNTARY_CHANGED_TEXT
<!-- 			,T.WHO_LAST_UPDATE -->
<!-- 			,T.WHERE_LAST_UPDATE -->
<!-- 			,T.WHEN_LAST_UPDATE -->
			,T.RULE_TYPE
		FROM NFS_${carrCode}.RULE_REISSUE T
	</sql>
	
	<!-- 用于AirTis的 -->
	<select id="Tis_SelectAll" parameterType="map" resultMap="ReissueMap">
		<include refid="sqlSelectReissue"/>
		WHERE T.RULE_TYPE=1 AND T.LOCATION_CODE='PUB'
		<if test="start!=null">
		<![CDATA[ 
			AND T.WHEN_LAST_UPDATE >= #{start}
		 ]]>
		</if>
	</select>

	<select id="Tis_SelectInc" parameterType="map" resultMap="ReissueMap">
		<include refid="sqlSelectReissue"/>
		WHERE T.RULE_TYPE=1 AND T.LOCATION_CODE='PUB'
		<![CDATA[ 
			AND T.WHEN_LAST_UPDATE BETWEEN #{start} AND #{end}
		 ]]>
	</select>
	
	<!-- 用于EasyFare的 -->
	<select id="Easy_SelectAll" parameterType="map" resultMap="ReissueMap">
		<include refid="sqlSelectReissue"/>
		WHERE T.LOCATION_CODE!='PUB'
		<if test="start!=null">
		<![CDATA[ 
			AND T.WHEN_LAST_UPDATE >= #{start}
		 ]]>
		</if>
	</select>

	<select id="Easy_SelectInc" parameterType="map" resultMap="ReissueMap">
		<include refid="sqlSelectReissue"/>
		<![CDATA[ 
		WHERE T.LOCATION_CODE!='PUB'
		AND T.WHEN_LAST_UPDATE BETWEEN #{start} AND #{end}
		 ]]>
	</select>	

</mapper>