<?xml version="1.0" encoding="UTF-8"?>
<!DOCTYPE mapper PUBLIC "-//ibatis.apache.org//DTD Mapper 3.0//EN" "http://ibatis.apache.org/dtd/ibatis-3-mapper.dtd">
<mapper namespace="RuleMapper">

	<resultMap id="RuleMap" type="com.travelsky.fare.caexport.db.model.common.rule.Rule">
		<result property="locationCode" column="LOCATION_CODE"  jdbcType="CHAR"/>
		<result property="appcxrCodeShare" column="APPCXR_CODE_SHARE"  jdbcType="VARCHAR"/>
		<result property="advancePurchase" column="ADVANCE_PURCHASE"  jdbcType="INTEGER"/>
		<result property="candidateFlag" column="CANDIDATE_FLAG"  jdbcType="INTEGER"/>
		<result property="codeShare" column="CODE_SHARE"  jdbcType="INTEGER"/>
		<result property="constructionAddons" column="CONSTRUCTION_ADDONS"  jdbcType="INTEGER"/>
		<result property="combineOpenJawFlag" column="COMBINE_OPEN_JAW_FLAG"  jdbcType="INTEGER"/>
		<result property="combineRoundTripFlag" column="COMBINE_ROUND_TRIP_FLAG"  jdbcType="INTEGER"/>
		<result property="charterFlightFlag" column="CHARTER_FLIGHT_FLAG"  jdbcType="INTEGER"/>
		<result property="dayOfWeekRestriction" column="DAY_OF_WEEK_RESTRICTION"  jdbcType="INTEGER"/>
		<result property="dayOfWeekRestrictionIn" column="DAY_OF_WEEK_RESTRICTION_IN"  jdbcType="INTEGER"/>
		<result property="discontinueDate" column="DISCONTINUE_DATE"  jdbcType="DATE"/>
		<result property="effectiveDate" column="EFFECTIVE_DATE"  jdbcType="DATE"/>
		<result property="faresCombinationFlag" column="FARES_COMBINATION_FLAG"  jdbcType="INTEGER"/>
		<result property="flightnoType" column="FLIGHTNO_TYPE"  jdbcType="VARCHAR"/>
		<result property="flightnoTypeIn" column="FLIGHTNO_TYPE_IN"  jdbcType="VARCHAR"/>
		<result property="forbiddenJourneyFlag" column="FORBIDDEN_JOURNEY_FLAG"  jdbcType="INTEGER"/>
		<result property="groupFlag" column="GROUP_FLAG"  jdbcType="INTEGER"/>
		<result property="groupFrom" column="GROUP_FROM"  jdbcType="INTEGER"/>
		<result property="groupTo" column="GROUP_TO"  jdbcType="INTEGER"/>
<!-- 		<result property="minimumStay" column="MINIMUM_STAY"  jdbcType="INTEGER"/> -->
<!-- 		<result property="minimumStayUnit" column="MINIMUM_STAY_UNIT"  jdbcType="CHAR"/> -->
<!-- 		<result property="maximumStay" column="MAXIMUM_STAY"  jdbcType="INTEGER"/> -->
<!-- 		<result property="maximumStayUnit" column="MAXIMUM_STAY_UNIT"  jdbcType="CHAR"/> -->
		<result property="minAdvancedPurchaseUnit" column="MIN_ADVANCED_PURCHASE_UNIT"  jdbcType="VARCHAR"/>
		<result property="maxAdvancedPurchase" column="MAX_ADVANCED_PURCHASE"  jdbcType="INTEGER"/>
		<result property="maxAdvancedPurchaseUnit" column="MAX_ADVANCED_PURCHASE_UNIT"  jdbcType="VARCHAR"/>
		<result property="openJawFlag" column="OPEN_JAW_FLAG"  jdbcType="INTEGER"/>
		<result property="positionLimitType" column="POSITION_LIMIT_TYPE"  jdbcType="INTEGER"/>
		<result property="positionLimitSpec" column="POSITION_LIMIT_SPEC"  jdbcType="INTEGER"/>
		<result property="ruleId" column="RULE_ID"  jdbcType="CHAR"/>
		<result property="ruleIdNo" column="RULE_ID_NO"  jdbcType="VARCHAR"/>
		<result property="ruleType" column="RULE_TYPE"  jdbcType="INTEGER"/>
		<result property="ruleDesc" column="RULE_DESC"  jdbcType="VARCHAR"/>
		<result property="ruleSeqId" column="RULE_SEQ_ID"  jdbcType="INTEGER"/>
		<result property="status" column="STATUS"  jdbcType="INTEGER"/>
		<result property="separateSaleType" column="SEPARATE_SALE_TYPE"  jdbcType="INTEGER"/>
		<result property="sectorRangeLower" column="SECTOR_RANGE_LOWER"  jdbcType="INTEGER"/>
		<result property="sectorRangeUpper" column="SECTOR_RANGE_UPPER"  jdbcType="INTEGER"/>
		<result property="xmlImportFlag" column="XML_IMPORT_FLAG"  jdbcType="INTEGER"/>
		<result property="travelCompleteDaysRestr" column="TRAVEL_COMPLETE_DAYS_RESTR"  jdbcType="INTEGER"/>
		<result property="ticketTimeLimitValue" column="TICKET_TIME_LIMIT_VALUE"  jdbcType="INTEGER"/>
		<result property="ticketTimeLimitUnit" column="TICKET_TIME_LIMIT_UNIT"  jdbcType="INTEGER"/>
		<result property="ticketCarrLimit" column="TICKET_CARR_LIMIT"  jdbcType="INTEGER"/>

<!-- 		<result property="refundRuleId" column="REFUND_RULE_ID"  jdbcType="VARCHAR"/> -->
<!-- 		<result property="reissueId" column="REISSUE_ID"  jdbcType="VARCHAR"/> -->
		
		<collection property="blackouts"	resultMap="BlackoutPeriodMap" />
		<collection property="blackins"		resultMap="BlackoutPeriodInMap" />
		<collection property="seasonouts"	resultMap="SeasonalityMap" />
		<collection property="seasonins"	resultMap="SeasonalityInMap" />
		<collection property="hourouts"		resultMap="HourRestrictionMap" />
		<collection property="hourins"		resultMap="HourRestrictionInMap" />
		<collection property="exouts"		resultMap="ExFlightNoMap" />
		<collection property="exins"		resultMap="ExFlightNoInMap" />
		<collection property="flightouts"	resultMap="FlightNoRestrictionMap" />
		<collection property="flightins"	resultMap="FlightNoRestrictionInMap" />
		<collection property="texts" 		resultMap="TextualMap" />
		<collection property="combinas" 	resultMap="CombinationEntryMap" />
		<collection property="restrictionDesc" column="{carrCode=CARR_CODE,locationCode=LOCATION_CODE,ruleId=RULE_ID" select="selectRestrictionDesc" />
	</resultMap>

	<resultMap id="TextualMap" type="com.travelsky.fare.caexport.db.model.common.rule.Textual">
		<result property="application" column="APPLICATION"  jdbcType="VARCHAR"/>
		<result property="eligibility" column="ELIGIBILITY"  jdbcType="VARCHAR"/>
		<result property="maximumGroupSize" column="MAXIMUM_GROUP_SIZE"  jdbcType="VARCHAR"/>
		<result property="extensionOfValidity" column="EXTENSION_OF_VALIDITY"  jdbcType="VARCHAR"/>
		<result property="payment" column="PAYMENT"  jdbcType="VARCHAR"/>
		<result property="ticketing" column="TICKETING"  jdbcType="VARCHAR"/>
		<result property="cancellationNRefunds" column="CANCELLATION_N_REFUNDS"  jdbcType="VARCHAR"/>
		<result property="rebookingNRerouting" column="REBOOKING_N_REROUTING"  jdbcType="VARCHAR"/>
		<result property="travelTogether" column="TRAVEL_TOGETHER"  jdbcType="VARCHAR"/>
		<result property="otherConditions" column="OTHER_CONDITIONS"  jdbcType="VARCHAR"/>
	</resultMap>

	<resultMap id="BlackoutPeriodMap" type="com.travelsky.fare.caexport.db.model.common.rule.BlackoutPeriod">
		<result property="blackoutFromDate" column="BLACKOUT_FROM_DATE"  jdbcType="DATE"/>
		<result property="blackoutToDate" column="BLACKOUT_TO_DATE"  jdbcType="DATE"/>
	</resultMap>
	
	<resultMap id="BlackoutPeriodInMap" type="com.travelsky.fare.caexport.db.model.common.rule.BlackoutPeriodIn">
		<result property="blackoutFromDate" column="BLACKOUT_IN_FROM_DATE"  jdbcType="DATE"/>
		<result property="blackoutToDate" column="BLACKOUT_IN_TO_DATE"  jdbcType="DATE"/>
	</resultMap>
	
	<resultMap id="SeasonalityMap" type="com.travelsky.fare.caexport.db.model.common.rule.Seasonality">
		<result property="fromDate" column="SEASON_FROM_DATE"  jdbcType="DATE"/>
		<result property="toDate" column="SEASON_TO_DATE"  jdbcType="DATE"/>
	</resultMap>
	
	<resultMap id="SeasonalityInMap" type="com.travelsky.fare.caexport.db.model.common.rule.SeasonalityIn">
		<result property="fromDate" column="SEASON_IN_FROM_DATE"  jdbcType="DATE"/>
		<result property="toDate" column="SEASON_IN_TO_DATE"  jdbcType="DATE"/>
	</resultMap>
	
	<resultMap id="HourRestrictionMap" type="com.travelsky.fare.caexport.db.model.common.rule.HourRestriction">
		<result property="fromNo" column="HOUR_FROM_NO"  jdbcType="INTEGER"/>
		<result property="toNo" column="HOUR_TO_NO"  jdbcType="INTEGER"/>
	</resultMap>
	
	<resultMap id="HourRestrictionInMap" type="com.travelsky.fare.caexport.db.model.common.rule.HourRestrictionIn">
		<result property="fromNo" column="HOUR_IN_FROM_NO"  jdbcType="INTEGER"/>
		<result property="toNo" column="HOUR_IN_TO_NO"  jdbcType="INTEGER"/>
	</resultMap>

	<resultMap id="ExFlightNoMap" type="com.travelsky.fare.caexport.db.model.common.rule.ExFlightNo">
		<result property="fromNo" column="EX_FROM_NO"  jdbcType="INTEGER"/>
		<result property="toNo" column="EX_TO_NO"  jdbcType="INTEGER"/>
		<result property="flightnoSuffix" column="EX_SUFFIX" jdbcType="VARCHAR"/>
	</resultMap>

	<resultMap id="ExFlightNoInMap" type="com.travelsky.fare.caexport.db.model.common.rule.ExFlightNoIn">
		<result property="fromNo" column="EX_IN_FROM_NO"  jdbcType="INTEGER"/>
		<result property="toNo" column="EX_IN_TO_NO"  jdbcType="INTEGER"/>
		<result property="flightnoSuffix" column="EX_IN_SUFFIX" jdbcType="VARCHAR"/>
	</resultMap>

	<resultMap id="FlightNoRestrictionMap" type="com.travelsky.fare.caexport.db.model.common.rule.FlightNoRestriction">
		<result property="fromNo" column="FLIGHT_FROM_NO"  jdbcType="INTEGER"/>
		<result property="toNo" column="FLIGHT_TO_NO"  jdbcType="INTEGER"/>
		<result property="flightnoSuffix" column="FLIGHT_SUFFIX" jdbcType="CHAR"/>
	</resultMap>
	
	<resultMap id="FlightNoRestrictionInMap" type="com.travelsky.fare.caexport.db.model.common.rule.FlightNoRestrictionIn">
		<result property="fromNo" column="FLIGHT_IN_FROM_NO"  jdbcType="INTEGER"/>
		<result property="toNo" column="FLIGHT_IN_TO_NO"  jdbcType="INTEGER"/>
		<result property="flightnoSuffix" column="FLIGHT_IN_SUFFIX"  jdbcType="CHAR"/>
	</resultMap>
	
	<resultMap id="CombinationEntryMap" type="com.travelsky.fare.caexport.db.model.common.rule.CombinationEntry">
		<result property="seqId" column="SEQ_ID" jdbcType="INTEGER"/>
		<result property="combineRuleId" column="COMBINE_RULE_ID" jdbcType="VARCHAR"/>
		<result property="fareBasis" column="FARE_BASIS" jdbcType="VARCHAR"/>
		<result property="bookingClass" column="BOOKING_CLASS" jdbcType="VARCHAR"/>
		<result property="carrierCode" column="CARRIER_CODE" jdbcType="VARCHAR"/>
		<result property="isCheckAllSectors" column="IS_CHECK_ALL_SECTORS" jdbcType="INTEGER"/>
		<result property="sectorCombineType" column="SECTOR_COMBINE_TYPE" jdbcType="INTEGER"/>
		<result property="stayType" column="STAY_TYPE" jdbcType="INTEGER"/>
		<result property="minimumStay" column="MINIMUM_STAY" jdbcType="INTEGER"/>
		<result property="minimumStayUnit" column="MINIMUM_STAY_UNIT" jdbcType="VARCHAR"/>
		<result property="maximumStay" column="MAXIMUM_STAY" jdbcType="INTEGER"/>
		<result property="maximumStayUnit" column="MAXIMUM_STAY_UNIT" jdbcType="VARCHAR"/>
	</resultMap>

	<sql id="sqlSelectRule">
		SELECT 
	    '${carrCode}' as CARR_CODE
	    ,TRIM(T.LOCATION_CODE) AS LOCATION_CODE
	    ,TRIM(T.RULE_ID) AS RULE_ID
	    ,T.CONSTRUCTION_ADDONS
	    ,T.DAY_OF_WEEK_RESTRICTION
	    ,T.ADVANCE_PURCHASE
	    ,T.RULE_TYPE
	    ,T.STATUS
	    ,T.DAY_OF_WEEK_RESTRICTION_IN
	    ,T.FARES_COMBINATION_FLAG
	    ,T.GROUP_FLAG
	    ,T.GROUP_FROM
	    ,T.GROUP_TO
	    ,T.SEPARATE_SALE_TYPE
	    ,T.COMBINE_OPEN_JAW_FLAG
	    ,T.COMBINE_ROUND_TRIP_FLAG
	    ,T.MAX_ADVANCED_PURCHASE
	    ,T.MAX_ADVANCED_PURCHASE_UNIT
	    ,T.MIN_ADVANCED_PURCHASE_UNIT
	    ,T.OPEN_JAW_FLAG
	    ,T.CANDIDATE_FLAG
	    ,T.CODE_SHARE
	    ,T.APPCXR_CODE_SHARE
	    ,T.TRAVEL_COMPLETE_DAYS_RESTR
	    ,T.RULE_ID_NO
	    ,T.SECTOR_RANGE_LOWER
	    ,T.SECTOR_RANGE_UPPER
	    ,T.FORBIDDEN_JOURNEY_FLAG
	    ,T.POSITION_LIMIT_TYPE
	    ,T.POSITION_LIMIT_SPEC
	    ,T.CHARTER_FLIGHT_FLAG
	    ,T.RULE_DESC
	    ,T.RULE_SEQ_ID
	    ,T.EFFECTIVE_DATE
	    ,T.DISCONTINUE_DATE
	    ,T.XML_IMPORT_FLAG
	    ,tx.APPLICATION,tx.ELIGIBILITY,tx.MAXIMUM_GROUP_SIZE,tx.EXTENSION_OF_VALIDITY,tx.PAYMENT,tx.TICKETING,tx.CANCELLATION_N_REFUNDS
	    ,tx.REBOOKING_N_REROUTING,tx.TRAVEL_TOGETHER,tx.OTHER_CONDITIONS
	    ,bo.blackout_from_date,bo.blackout_to_date
	    ,bi.BLACKOUT_FROM_DATE AS BLACKOUT_IN_FROM_DATE,bi.blackout_to_date AS BLACKOUT_IN_TO_DATE
	    ,so.from_date AS SEASON_FROM_DATE,so.to_date AS SEASON_TO_DATE
	    ,si.From_Date AS SEASON_IN_FROM_DATE,si.To_Date AS SEASON_IN_TO_DATE
	    ,ho.from_no AS HOUR_FROM_NO,ho.to_no AS HOUR_TO_NO
	    ,hi.from_date AS HOUR_IN_FROM_DATE,hi.to_date AS HOUR_IN_TO_DATE
	    ,eo.from_no AS EX_FROM_NO,eo.to_no AS EX_TO_NO,eo.flightno_suffix AS EX_SUFFIX
	    ,ei.from_no AS EX_IN_FROM_NO,ei.to_no AS EX_IN_TO_NO,ei.flightno_suffix AS EX_IN_SUFFIX
	    ,fo.from_no AS FLIGHT_FROM_NO,fo.to_no AS FLIGHT_TO_NO,fo.flightno_suffix AS FLIGHT_SUFFIX
	    ,fi.from_no AS FLIGHT_IN_FROM_NO,fi.to_no AS FLIGHT_IN_TO_NO,fi.flightno_suffix AS FLIGHT_IN_SUFFIX
	    ,co.seq_id,co.combine_rule_id,co.fare_basis,co.booking_class,co.carrier_code,co.is_check_all_sectors
	    ,co.stay_type,co.minimum_stay,co.minimum_stay_unit,co.maximum_stay,co.maximum_stay_unit,co.sector_combine_type
	    FROM NFS_${carrCode}.RULE T
	    LEFT JOIN NFS_${carrCode}.RULE_TEXTUAL TX
	    ON TRIM(tx.LOCATION_CODE)=TRIM(T.LOCATION_CODE) AND TRIM(tx.RULE_ID)=TRIM(T.RULE_ID) AND tx.RULE_SEQ_ID=T.RULE_SEQ_ID
	    LEFT JOIN NFS_${carrCode}.RULE_BLACKOUT_PERIOD bo
	    ON TRIM(bo.LOCATION_CODE)=TRIM(T.LOCATION_CODE) AND TRIM(bo.RULE_ID)=TRIM(T.RULE_ID) AND bo.RULE_SEQ_ID=T.RULE_SEQ_ID
	    LEFT JOIN NFS_${carrCode}.RULE_BLACKOUT_PERIOD_IN bi
	    ON TRIM(bi.LOCATION_CODE)=TRIM(T.LOCATION_CODE) AND TRIM(bi.RULE_ID)=TRIM(T.RULE_ID) AND bi.RULE_SEQ_ID=T.RULE_SEQ_ID
		LEFT JOIN NFS_${carrCode}.RULE_SEASONALITY so
	    ON TRIM(so.LOCATION_CODE)=TRIM(T.LOCATION_CODE) AND TRIM(so.RULE_ID)=TRIM(T.RULE_ID) AND so.RULE_SEQ_ID=T.RULE_SEQ_ID    
	    LEFT JOIN NFS_${carrCode}.RULE_SEASONALITY_IN SI
	    ON TRIM(si.LOCATION_CODE)=TRIM(T.LOCATION_CODE) AND TRIM(si.RULE_ID)=TRIM(T.RULE_ID) AND si.RULE_SEQ_ID=T.RULE_SEQ_ID
	    LEFT JOIN NFS_${carrCode}.RULE_HOUR_RESTRICTION ho
	    ON TRIM(ho.LOCATION_CODE)=TRIM(T.LOCATION_CODE) AND TRIM(ho.RULE_ID)=TRIM(T.RULE_ID) AND ho.RULE_SEQ_ID=T.RULE_SEQ_ID    
	    LEFT JOIN NFS_${carrCode}.RULE_SEASONALITY_IN hi
	    ON TRIM(hi.LOCATION_CODE)=TRIM(T.LOCATION_CODE) AND TRIM(hi.RULE_ID)=TRIM(T.RULE_ID) AND hi.RULE_SEQ_ID=T.RULE_SEQ_ID
	    LEFT JOIN NFS_${carrCode}.RULE_EX_FLIGHT_NO eo
	    ON TRIM(eo.LOCATION_CODE)=TRIM(T.LOCATION_CODE) AND TRIM(eo.RULE_ID)=TRIM(T.RULE_ID) AND eo.RULE_SEQ_ID=T.RULE_SEQ_ID
	    LEFT JOIN NFS_${carrCode}.RULE_EX_FLIGHT_NO_IN ei
	    ON TRIM(ei.LOCATION_CODE)=TRIM(T.LOCATION_CODE) AND TRIM(ei.RULE_ID)=TRIM(T.RULE_ID) AND ei.RULE_SEQ_ID=T.RULE_SEQ_ID
	    LEFT JOIN NFS_${carrCode}.RULE_FLIGHT_NO_RESTRICTION fo
	    ON TRIM(fo.LOCATION_CODE)=TRIM(T.LOCATION_CODE) AND TRIM(fo.RULE_ID)=TRIM(T.RULE_ID) AND fo.RULE_SEQ_ID=T.RULE_SEQ_ID
	    LEFT JOIN NFS_${carrCode}.RULE_FLIGHT_NO_RESTRICTION_IN fi
	    ON TRIM(fi.LOCATION_CODE)=TRIM(T.LOCATION_CODE) AND TRIM(fi.RULE_ID)=TRIM(T.RULE_ID) AND fi.RULE_SEQ_ID=T.RULE_SEQ_ID
	    LEFT JOIN NFS_${carrCode}.RULE_COMBINATION_ENTRY co
	    ON TRIM(co.LOCATION_CODE)=TRIM(T.LOCATION_CODE) AND TRIM(co.RULE_ID)=TRIM(T.RULE_ID) AND co.RULE_SEQ_ID=T.RULE_SEQ_ID
	</sql>

	<select id="selectRestrictionDesc" parameterType="map" resultType="string">
		SELECT TRIM(T.RESTRICTION_DESC) AS RESTRICTION_DESC
	    FROM NFS_${carrCode}.ENDORSEMT_RESTRICTION T 
	    WHERE (TRIM(T.LOCATION_CODE), T.RESTRICTION_ID) IN 
	      (SELECT TRIM(LOCATION_CODE), RESTRICTION_ID
	       FROM NFS_${carrCode}.RULE_ENDORSEMT_RESTRICTION 
	       WHERE TRIM(LOCATION_CODE) = #{locationCode} AND TRIM(RULE_ID) = #{ruleId}
	       GROUP BY TRIM(LOCATION_CODE),RESTRICTION_ID
	       )
	     ORDER BY T.WHEN_LAST_UPDATE DESC
	</select>
	
	<!-- 用于AirTis -->
	<select id="Tis_SelectAll" parameterType="map" resultMap="RuleMap">
		<include refid="sqlSelectRule"/>
		WHERE TRIM(T.LOCATION_CODE)='PUB'
		<if test=" start!=null ">
		<![CDATA[ 
			AND T.WHEN_LAST_UPDATE>=#{start} 
		]]> 
		</if>
	</select>
	
	<select id="Tis_SelectInc" parameterType="map" resultMap="RuleMap">
		<include refid="sqlSelectRule"/>
		WHERE TRIM(T.LOCATION_CODE)='PUB'
		<if test=" start!=null and end!=null ">
			AND T.WHEN_LAST_UPDATE BETWEEN #{start} AND #{end}
		</if>
	</select>
	
	<!-- EasyFare -->
	<select id="Easy_SelectAll" parameterType="map" resultMap="RuleMap">
		<include refid="sqlSelectRule"/>
		WHERE TRIM(T.LOCATION_CODE)!='PUB'
		<if test=" start!=null ">
		<![CDATA[ 
			AND T.WHEN_LAST_UPDATE>=#{start} 
		]]> 
		</if>
	</select>

	<select id="Easy_SelectInc" parameterType="map" resultMap="RuleMap">
		<include refid="sqlSelectRule"/>
		WHERE TRIM(T.LOCATION_CODE)!='PUB'
		<if test=" start!=null and end!=null ">
			AND T.WHEN_LAST_UPDATE BETWEEN #{start} AND #{end}
		</if>
	</select>
	

</mapper>